contract_no,supplier,description,begin_date,end_date,max_amount
0000000000000000000005026,1ST FP AUSTIN LLC,Life Safety Services Contract,9/1/2025,8/31/2030,"$235,000.00"
0000000000000000000005563,2551 KATY FBR LLC,Office Lease in Katy TX,3/23/2026,6/30/2036,"$1,336,770.00"
405-13-30266,2763 KUYKENDAHL LLC,Building Lease - Spring 20296,9/1/2012,8/31/2032,"$10,351,389.00"
0000000000000000000005339,401 EAST HOUSTON STREET LLC,SAN ANTONIO-TFC LEASE 20827,11/21/2025,11/30/2035,"$11,626,240.80"
0000000000000000000004865,4MATTHEWS ENTERPRISE LLC,TFC LSE.20808 GATESVILLE,8/1/2025,7/31/2035,"$1,335,000.00"
405-17-P009673,6592 AMARILLO LLC,TFC Bldg Lease-Amarillo 20528,8/24/2016,6/30/2027,"$20,582,543.34"
0000000000000000000003703,AAMVA,AAMVA Cont. FY24-29,3/1/2024,2/28/2029,"$20,000,000.00"
0000000000000000000002255,"ABSOLUTE FACILITY SOLUTIONS, LLC",Facilites Connect,6/3/2022,6/3/2027,"$975,000.00"
0000000000000000000002838,ABUNDANS INFORMATION TECHNOLOGY LLC,Grammarly Subscription,3/1/2023,2/28/2028,"$394,785.06"
0000000000000000000002773,"ACE FLOORING SOLUTIONS, LLC",BLANKET FLOORING CONTRACT,1/12/2023,1/11/2028,"$950,000.00"
0000000000000000000003357,ADVOWASTE MEDICAL SERVICES  LLC,Biohazard and Medical Waste,9/1/2023,8/31/2028,"$158,595.00"
0000000000000000000005246,AEROBRIGHAM LLC,"Aircraft Maint Regions 1,5,&6",10/17/2025,8/31/2030,"$500,000.00"
0000000000000000000005422,AGILENT TECHNOLOGIES INC,CLD - GCMS w/ Turbo Pump,1/8/2026,1/8/2027,"$544,851.05"
0000000000000000000005170,AIR POWER INC,Air Power- Quote,8/29/2025,8/31/2026,"$277,532.00"
0000000000000000000003931,AIRBUS HELICOPTERS INC,AOD Parts and Supplies,8/22/2024,8/31/2029,"$5,000,000.00"
0000000000000000000005028,AIRBUS HELICOPTERS INC,H-125 Helicopters,7/31/2025,8/31/2027,"$19,927,429.00"
0000000000000000000004846,AIRGAS USA LLC,AY25 NEW Airgas Contract,7/1/2025,6/30/2029,"$480,000.00"
0000000000000000000004333,ALDINGER COMPANY,Calibration Services,3/1/2025,8/31/2029,"$652,809.00"
0000000000000000000005390,ALFRED WILLIAMS & COMPANY,San Antonio Alamo Office Remod,12/12/2025,8/31/2026,"$400,000.00"
0000000000000000000004683,ALL AMERICAN TRAILER CONNECTION INC,LEDU 22 Cargo Trailers,5/14/2025,8/31/2026,"$101,750.00"
0000000000000000000002394,ALL POINTS OF TEXAS,Household Moves & Relocations,7/1/2022,6/30/2026,"$1,500,000.00"
0000000000000000000005536,ALLAN STARK,Brady TFC Lease 20833,4/1/2026,3/31/2036,"$400,800.00"
0000000000000000000001062,ALSCO INC,ETR/THP Linen Services,9/1/2020,8/31/2026,"$588,184.96"
0000000000000000000005454,ALTACOLOR LLC,Recruit PTshirts&Waterbottles,1/30/2026,1/29/2029,"$330,000.00"
0000000000000000000000434,"ALVIDREZ ASSOCIATES, INC.",REG4 SG1 A/E Services,7/18/2019,8/31/2026,"$450,000.00"
0000000000000000000004114,AMERICAN EAGLE PROTECTIVE SERVICES CORP,FY25 SOLCT Whooster,9/12/2024,9/14/2029,"$2,482,185.05"
0000000000000000000004454,AMZUR TECHNOLOGIES INC,Staff Aug - DL Rolodex,3/17/2025,8/31/2026,"$392,729.60"
0000000000000000000004037,AMZUR TECHNOLOGIES INC,TCIC Reports Staff Aug,6/27/2024,8/31/2026,"$410,400.00"
0000000000000000000004374,ANAVALE MANAGEMENT LLC,San Antonio TFC Lease 20605,1/1/2025,7/31/2029,"$447,783.20"
0000000000000000000004308,ANDE CORPORATION,ANDE Rapid Service Contract,12/7/2024,12/6/2029,"$150,000.00"
0000000000000000000005481,ANDE CORPORATION,ANDE DNA,2/17/2026,2/17/2027,"$914,550.00"
0000000000000000000004138,ANDERSON POLLUTION CONTROL INC,HazMAt Cleanup/Disposal,9/1/2024,8/31/2029,"$750,000.00"
0000000000000000000004156,ANSI NATIONAL ACCREDITATION BOARD LLC,Forensic Lab Accreditations,12/1/2024,12/31/2028,"$700,000.00"
0000000000000000000004571,APOLLO INFORMATION SYSTEMS CORP,Active Directory Protection,5/6/2025,5/5/2030,"$1,727,826.65"
0000000000000000000002649,ARANSAS COUNTY SHERIFF,Aransas County Hanger Lease,10/6/2022,9/30/2026,"$192,000.00"
0000000000000000000005389,ARE DESIGN & BUILD LLC,San Antonio Alamo Lease,12/12/2025,12/11/2026,"$270,495.44"
0000000000000000000005614,ARNEY PROPERTIES LP,20839 Grosebeck Lease,4/1/2026,3/31/2036,"$264,000.00"
0000000000000000000005237,ARRATI INCORPORATED,25R0025999-StaffAug-PM-2,10/10/2025,8/31/2026,"$238,400.00"
0000000000000000000003618,ARROW AVIATION CO LLC,Heavy Aviation Maintenance,1/29/2024,1/31/2029,"$1,500,000.00"
0000000000000000000003913,AT&T,ATT Total Access Orchestrat,5/24/2024,8/31/2026,"$266,958.11"
0000000000000000000002452,AT&T ENTERPRISES LLC,AT&T Mobile Service and Equip,9/1/2022,8/31/2027,"$57,143,736.00"
4/09/2026,0000000000000000000005022 ATTORNEY GENERAL,Legal Services,9/1/2025,8/31/2027,"$1,300,000.00"
0000000000000000000002798,AUSTIN MAC HAIK FORD LINCOLN LTD,Ford OEM Automotive Parts,1/19/2023,1/18/2028,"$999,999.00"
405-12-24339,AUSTIN SOUTHBROOK LLC,Building Lease - Austin 20284,4/1/2012,3/31/2032,"$4,799,679.00"
0000000000000000000002801,AVANTE SOLUTIONS INC,FY23 SOLCT Firescope Soft Lic,1/30/2023,8/31/2026,"$211,680.00"
0000000000000000000004092,AVANTE SOLUTIONS INC,FY25 Cherwell Services,9/1/2024,8/31/2026,"$1,106,600.00"
0000000000000000000004907,AXON ENTERPRISE INC,Taser Mags and Cartridges,7/14/2025,6/30/2026,"$221,354.01"
0000000000000000000004188,AXON ENTERPRISE INC,UAS VIDEO MANAGEMENT,11/18/2024,11/17/2029,"$4,634,093.00"
0000000000000000000004202,AXON ENTERPRISE INC,CS - HQ - Body Cameras,10/4/2024,10/3/2029,"$13,708,768.00"
0000000000000000000003566,AXON ENTERPRISE INC,Axon Taser Blanket,9/1/2024,8/31/2029,"$31,000,000.00"
0000000000000000000003521,BALFOUR BEATTY CONSTRUCTION GROUP INC,Security fence project,6/17/2024,8/31/2026,"$14,785,583.78"
0000000000000000000003477,BANSAR TECHNOLOGIES INC,Data Analyst/Report Writer 2,9/25/2023,8/31/2026,"$533,886.40"
0000000000000000000005043,Barrier Fence LLC,San Antonio HQ Fence,8/5/2025,8/31/2026,"$178,763.76"
0000000000000000000005427,Barrier Fence LLC,ODESSA HICKS 409-924-5467 ODES,1/12/2026,8/31/2026,"$280,453.00"
0000000000000000000001166,BASIN AVIATION INC,Midland Hangar Lease,9/8/2020,8/31/2028,"$211,200.00"
0000000000000000000004006,BAYTOWN MEDICAL WASTE LLC,Incineration Services,7/22/2024,8/31/2029,"$600,000.00"
0000000000000000000000279,BELL COUNTY,DPS Building Lease - Bell Co.,2/12/2019,9/30/2029,"$5,382,076.76"
0000000000000000000005080,BELL TEXTRON INC,FY26 SOLICIT - NEW BELL 407,8/14/2025,8/31/2027,"$4,966,611.00"
0000000000000000000002869,"BERRY AVIATION, INC.",Aviation Maintenance Services,3/31/2023,8/31/2028,"$13,300,000.00"
0000000000000000000004880,"BESTICA, INC.",Doug Herrington $85.00/hr,6/25/2025,8/31/2026,"$211,565.00"
0000000000000000000004635,"BESTICA, INC.",Farhana Mannan 85.00/hr,4/30/2025,8/31/2026,"$252,365.00"
0000000000000000000004727,BLACKHAWK AEROSPACE TECHNOLOGIES LLC,Blackhawk Technologies - 14492,5/22/2025,8/31/2027,"$162,494.68"
0000000000000000000005460,BLACKHAWK AEROSPACE TECHNOLOGIES LLC,BlackHawk Aerospace -Gear,2/5/2026,8/31/2026,"$325,375.00"
0000000000000000000004879,"BLUE 360 MEDIA, LLC",Law Book Blanket Contract,9/1/2025,8/31/2030,"$250,000.00"
0000000000000000000003118,BONTERRA TECH LLC,Apricot Core VESS Software,9/1/2023,2/28/2029,"$348,608.52"
405-14-40458,BRIGHT FAMILY PROPERTY LLC,TFC Lease Corpus Christi 20374,4/1/2014,10/31/2034,"$8,728,835.12"
405-14-40468,BRIGHT FAMILY PROPERTY LLC,Lake Worth Bldg TFCLease 20372,4/1/2014,6/30/2034,"$8,781,522.00"
0000000000000000000004495,"BROADAXIS, INC.",Dain Petersen ITSAC,3/21/2025,8/31/2026,"$264,186.45"
0000000000000000000002192,BROOKS COUNTY INDEPENDENT SCHOOL DISTRIC,Falfurrias THP Office Space,4/29/2022,12/13/2026,"$556,300.00"
0000000000000000000004471,C F MCDONALD ELECTRIC INC,Houston Crime Lab Generator,3/12/2025,8/31/2026,"$1,523,469.00"
0000000000000000000003889,C&M VILLARREAL FAMILY LIMITED,TFC Lease 20762 Boerne,5/14/2024,7/31/2029,"$206,818.82"
0000000000000000000003816,C&M VILLARREAL FAMILY LIMITED,GREENVILLE LEASE - 20733,1/1/2024,6/30/2034,"$2,196,000.00"
0000000000000000000000912,C&M VILLARREAL FAMILY LIMITED,TFC Lease 303-0-20652 Beaumont,10/22/2020,10/31/2030,"$2,981,413.60"
0000000000000000000004688,C&M VILLARREAL FAMILY LIMITED,Office Lease Garland DL Center,6/1/2025,8/31/2034,"$17,555,554.80"
0000000000000000000001823,C.B.K. COMPUTING LLC,ITSAC -Systems Analyst Level 3,8/2/2021,8/31/2026,"$1,239,354.60"
0000000000000000000000034,CALDWELL COUNTY,DPS Bldg Lease- Caldwell Co,12/6/2018,12/6/2033,"$122,230.00"
0000000000000000000003598,CALPINE CORP,Deregulated Energy Contract,1/1/2024,12/31/2028,"$12,500,000.00"
0000000000000000000003551,CAM AVIONICS LLC,Minor Aviation Maintenance,11/14/2023,11/14/2028,"$5,000,000.00"
0000000000000000000005585,CAMERON COUNTRY CJDR,Dodge Durango GT AWD x 41,3/25/2026,8/31/2026,"$1,883,184.53"
0000000000000000000004628,CAPRICE ELECTRONICS INC,GSA Battery Blanket Contract,5/20/2025,5/19/2030,"$7,000,000.00"
0000000000000000000005414,CARAHSOFT TECHNOLGY CORPORATION,Snowflake-Snow-DCS-Tier 6,1/13/2026,1/12/2027,"$180,000.00"
0000000000000000000002392,CARAHSOFT TECHNOLGY CORPORATION,SMS Magnet AXIOM Software,6/21/2022,5/31/2026,"$198,900.00"
4/09/2026,0000000000000000000004844 CARAHSOFT TECHNOLGY CORPORATION,TransUnion TLOxp,6/16/2025,7/31/2028,"$277,200.00"
0000000000000000000005118,CARAHSOFT TECHNOLGY CORPORATION,Snowflake Cloud Data Warehouse,8/26/2025,8/31/2026,"$500,000.00"
0000000000000000000004386,CARAHSOFT TECHNOLGY CORPORATION,Udemy Business Enterprise,2/1/2025,1/31/2027,"$515,926.80"
0000000000000000000005074,CARAHSOFT TECHNOLGY CORPORATION,CID/CL/TR CELLEBRITE RENEWAL,8/13/2025,8/31/2026,"$552,271.50"
0000000000000000000003378,CARAHSOFT TECHNOLGY CORPORATION,Google Maps API,9/1/2023,8/31/2026,"$784,000.00"
0000000000000000000003774,CARAHSOFT TECHNOLGY CORPORATION,DocuSign Licenses,4/1/2024,3/31/2027,"$959,356.44"
0000000000000000000003965,CARAHSOFT TECHNOLGY CORPORATION,Cellebrite Licenses,9/1/2024,8/31/2027,"$2,753,652.33"
0000000000000000000004238,CARAHSOFT TECHNOLGY CORPORATION,FirstAlert Software Licensing,12/12/2024,10/31/2029,"$6,305,250.00"
0000000000000000000004860,CARAHSOFT TECHNOLGY CORPORATION,Salesforce Blanket,8/22/2025,8/21/2030,"$9,500,000.00"
0000000000000000000005121,CARAHSOFT TECHNOLGY CORPORATION,Remote Issuance (RI),10/8/2025,10/7/2030,"$62,401,200.00"
0000000000000000000002686,CASS COUNTY,Linden/Cass Co Lease - DL,1/27/2023,1/26/2033,"$144,000.00"
0000000000000000000002937,"CBM ARCHIVES CO., LLC",FY24 Data Broker M&S,1/1/2024,12/31/2028,"$3,410,024.00"
0000000000000000000003441,"CBM ARCHIVES CO., LLC",FY24 TX Gang M&S,11/1/2023,12/31/2028,"$5,849,200.00"
0000000000000000000002264,"CBM ARCHIVES CO., LLC",DMS Cushion Contract,3/1/2022,8/31/2026,"$10,007,993.22"
0000000000000000000001752,CECIL C CARLISLE JR,TFC Lease - Alice 20708,4/1/2021,3/31/2031,"$629,048.52"
0000000000000000000004921,CEDA-TEX SERVICES INC,Building A Restroom Remodel,7/15/2025,6/30/2026,"$522,555.00"
0000000000000000000005171,CEDA-TEX SERVICES INC,Addtl WILCO TTC Construction,8/29/2025,8/31/2026,"$993,111.00"
0000000000000000000004246,CHANNEL THREE PRODUCTIONS,DLD Videography Services,11/1/2024,10/31/2029,"$850,000.00"
0000000000000000000003369,CHARLES CLARK CHEVROLET,OEM GM PARTS - WESLACO,9/1/2023,8/31/2028,"$150,000.00"
0000000000000000000003870,CHCL ENTERPRISES LLC,Brownsville Boat Hanger,12/1/2024,11/30/2029,"$708,000.00"
0000000000000000000002444,"Chrome Heating & Air Conditioning, LLC",Austin/Florence HQ HVAC,8/12/2022,8/31/2027,"$900,000.00"
0000000000000000000003644,"CIMA SOLUTIONS GROUP, LLC",FY24 IBM FS9200 Renewal,4/29/2024,8/31/2027,"$438,079.62"
0000000000000000000005025,"CIMA SOLUTIONS GROUP, LLC",GTI-Annual Subscription,7/1/2025,6/30/2030,"$886,341.00"
0000000000000000000002012,"CIMA SOLUTIONS GROUP, LLC",Mainframe Support,9/1/2021,6/30/2026,"$1,204,747.78"
0000000000000000000004856,"CIMA SOLUTIONS GROUP, LLC",FY26 SOL IBM Passport advantag,9/1/2025,8/31/2026,"$1,503,310.86"
0000000000000000000004196,CIRCLEMAKER CORP,FY 25-26 Kennel Boarding,9/30/2024,10/2/2026,"$220,000.00"
0000000000000000000003010,CITY OF AUSTIN,ICC EMS Services,8/31/2024,8/31/2029,"$1,339,425.15"
0000000000000000000004494,CITY OF CORPUS CHRISTI,Coastal Bend Radio ILC,5/12/2025,8/31/2099,"$306,000.00"
0000000000000000000003802,CITY OF EDINBURG SOUTH TEXAS INTERNATION,Edinburg Airport Hangar Lease,9/1/2024,1/31/2034,"$869,400.00"
0000000000000000000001776,CITY OF EL PASO,ILC TFO Reimbursement,12/15/2021,12/14/2026,"$120,000.00"
0000000000000000000005093,CITY OF EL PASO,ICC TFO Reimbursement,8/19/2025,8/18/2030,"$160,000.00"
405-15-P002338,CITY OF HEARNE,Building Lease City of Hearne,7/21/2014,7/22/2034,"$468,800.00"
0000000000000000000004995,CITY OF MCALLEN,TTIC Contract,9/1/2025,8/31/2027,"$500,000.00"
0000000000000000000003229,CITY OF MCKINNEY,McKinney Hanger Office Lease,8/1/2023,9/30/2026,"$185,038.88"
CLD202203071122,CITY OF PLANO,FY22-FY25 City of Plano ICC,5/17/2022,5/16/2026,"$434,060.90"
0000000000000000000001803,CITY OF TOMBALL,City of Tomball Hangar Lease,9/1/2021,8/31/2026,"$105,600.00"
0000000000000000000004076,CITY OF VERNON,Vernon Office Lease,3/4/2025,3/3/2035,"$104,655.36"
0000000000000000000004613,CLAY COUNTY TREASURER,ICC-Office Space-THP,8/13/2025,8/31/2030,"$154,075.35"
0000000000000000000004380,CLEARVIEW AI INC,Clearview AI 2025-'30,1/31/2025,1/30/2030,"$1,218,516.00"
0000000000000000000003123,CLIFFORD POWER SYSTEMS,Region 1 Generator Maintenance,9/1/2023,8/31/2028,"$450,000.00"
0000000000000000000004127,CLIMATEC LLC,FY24 IOD SOLICT BAS SYS,9/1/2024,8/31/2029,"$1,468,724.58"
4/09/2026,0000000000000000000004648 CMI INC,Intoxilyzer 9000 instruments,5/1/2025,4/30/2026,"$106,859.50"
0000000000000000000005408,CMI INC,CLD - Intoxilyzer 9000,12/23/2025,8/31/2026,"$109,259.50"
0000000000000000000005527,COGNYTE SOFTWARE LP,HQ Cell Tracking Trucks,3/4/2026,8/31/2026,"$4,487,500.00"
0000000000000000000002515,COLLABORATIVE TESTING SERVICES INC,Forensic Proficiency Testing,8/23/2022,8/31/2027,"$660,705.00"
0000000000000000000004878,COLLEGE STATION AUTO PARTS INC,Houston Chevrolet OEM Parts,7/22/2025,8/31/2030,"$999,999.00"
0000000000000000000003484,COMANCHE COUNTY,Establish an ICC with Comanche,11/7/2023,11/6/2033,"$144,000.00"
0000000000000000000003784,"COMMERCIAL VEHICLE LEASING, LLC",Vehicle Leases,3/25/2024,4/18/2027,"$10,000,000.00"
0000000000000000000002040,COMPREHENSIVE COMMUNICATION SERVICES LLC,Mutulink Access & Hardware,9/1/2021,8/31/2026,"$521,647.58"
0000000000000000000004111,COMPUTER PROJECTS OF ILLINOIS INC,TLETS M&S FY24-29,8/30/2024,8/30/2026,"$6,000,000.00"
0000000000000000000005326,COMPUTER TASK GROUP INC,25R0025999-RapidDNA-PM-Andre,11/18/2025,8/31/2026,"$148,512.00"
0000000000000000000005238,"CON10GENCY CONSULTING, LLC",D25 TIIP KIT,10/14/2025,8/31/2026,"$245,967.15"
0000000000000000000005429,"CON10GENCY CONSULTING, LLC",B26 TIIP KITS,1/13/2026,8/31/2026,"$274,433.26"
0000000000000000000005567,CONCAN SERVICES LLC,Concrete Entrance Construction,3/19/2026,8/31/2026,"$158,000.00"
0000000000000000000002972,"CONQUEST CONSULTING, LLC",Mainframe Migration Staff Aug,4/26/2023,5/31/2026,"$693,671.00"
0000000000000000000004996,CONSULTADD INC.,Cherwell Professional Service,10/16/2025,8/31/2027,"$148,500.00"
0000000000000000000005474,CONVERGEONE INC,Verint Upgrade and Migration,2/19/2026,8/31/2026,"$107,197.00"
0000000000000000000004397,CONVERGEONE INC,Verint Subscription Licensing,4/1/2025,3/31/2027,"$231,576.00"
405-12-20559,COOKE COUNTY,Gainesville Bldg Lease 20017,10/1/2003,9/30/2026,"$266,400.00"
0000000000000000000003412,CORNERSTONE ONDEMAND INC,Learning Content Mgmt System,8/31/2023,8/31/2028,"$3,808,640.74"
0000000000000000000005471,CORRIDOR INDUSTRIAL GROUP LLC,New Braunfels Lease,2/26/2026,4/30/2036,"$2,878,998.10"
0000000000000000000004656,"COVENANT K9 DETECTION SERVICES, LLC",Canines Blanket,5/2/2025,5/1/2030,"$200,000.00"
405-13-30267,COWTOWN 2000 LLC,Bldg Lease - Ft. Worth 20298,1/1/2013,9/30/2026,"$23,779,701.47"
0000000000000000000005271,COYA LIFE LLC,THP BIOFEEDBACK SUBSCRIPTIONS,11/14/2025,11/13/2030,"$2,000,000.00"
0000000000000000000005478,CREATIVE ENTERPRISE SOLUTIONS LLC,IT Service Management (ITSM),3/16/2026,3/15/2029,"$9,821,098.50"
0000000000000000000004445,CREATIVE ORGANIZATIONAL DESIGN,Recruit Test Booklets,3/3/2025,2/28/2027,"$150,000.00"
0000000000000000000005242,"CTC Gunworks, LLC",AOD- SIG P365,10/14/2025,8/31/2026,"$105,637.29"
0000000000000000000005378,"CTC Gunworks, LLC",A26 FTU P320 M17,12/10/2025,8/31/2026,"$161,700.00"
0000000000000000000005504,"CTC Gunworks, LLC",B26 FTU M17 P320,2/26/2026,8/31/2026,"$161,700.00"
0000000000000000000005470,"CTC Gunworks, LLC",TMU Gun Mounts DD,2/10/2026,2/10/2027,"$188,271.36"
0000000000000000000005120,"CTC Gunworks, LLC",HQ CS - Pistols and Holsters,8/22/2025,8/31/2026,"$699,456.50"
0000000000000000000005367,CUTTER AVIATION,Statewide Aircraft Maintenance,12/8/2025,8/31/2030,"$500,000.00"
0000000000000000000005340,CYBERONE LLC,SR 3456632 SecureAuth SOL,12/1/2025,11/30/2026,"$351,295.00"
0000000000000000000005145,"DAILEY AND WELLS COMMUNICATIONS, INC.",ISSI Net Connect and Hardware,8/28/2025,8/31/2026,"$122,630.07"
0000000000000000000005535,"DALF ETI, INC.",CVE New District Haenni Scales,3/9/2026,8/31/2026,"$554,276.80"
0000000000000000000003823,DANA SAFETY DBA FLEET SAFETY EQUIPMENT,BALLISTIC GLASS REMOVAL,6/18/2024,6/17/2029,"$3,500,000.00"
0000000000000000000002663,DANA SAFETY DBA FLEET SAFETY EQUIPMENT,Upfitters Tahoe Vehicles,10/19/2022,8/31/2026,"$4,229,100.00"
0000000000000000000004547,DANA SAFETY DBA FLEET SAFETY EQUIPMENT,1122 Ballistic Upfit,5/1/2025,7/31/2027,"$25,000,000.00"
0000000000000000000005479,DANIEL DEFENSE INC,DANIELDEFENSE RIFLES,2/17/2026,8/31/2027,"$925,865.00"
0000000000000000000005141,DATABASE PROJECTS GROUP LLC,CCH/TCIC/UoF - MAINT & SUPPORT,10/16/2025,2/28/2031,"$11,347,560.00"
0000000000000000000002636,DEARBORN GROUP INC,Forensic Link Adapter Kit,9/29/2022,8/31/2026,"$449,950.00"
0000000000000000000004011,DEDRONE HOLDING INC,DeDrone Subscriotion,9/1/2024,8/31/2026,"$584,000.00"
4/09/2026,0000000000000000000001616 DELOITTE CONSULTING LLP,Contract Managment System,6/15/2021,8/31/2028,"$3,961,517.29"
0000000000000000000002822,DELOITTE CONSULTING LLP,ICT SPART-N M&S FY23-FY26,2/1/2023,8/31/2026,"$5,422,021.00"
0000000000000000000003086,DELOITTE CONSULTING LLP,BSOC Drawbridge AI,6/9/2023,6/8/2028,"$6,000,000.00"
0000000000000000000003199,DELOITTE CONSULTING LLP,DL DBITS IT Technology Tickets,8/24/2023,8/31/2027,"$10,000,000.00"
0000000000000000000002906,DELOITTE CONSULTING LLP,BBDMS,5/1/2023,4/30/2028,"$16,924,517.79"
0000000000000000000004658,DELOITTE CONSULTING LLP,Enterprise Licensing Platform,7/14/2025,7/13/2030,"$58,520,000.00"
405-16-P008050,DENTON COUNTY,DPS Bldg Lease - Lewisville,5/19/2017,8/31/2026,"$118,873.00"
0000000000000000000004972,DEVELOPMENT 2000,NEW-TFC LSE 20804 Leander,2/1/2027,1/31/2037,"$13,808,574.00"
0000000000000000000005442,D-FEND SOLUTIONS AD INC,AOD- cUAS Equipment,2/11/2026,2/10/2030,"$2,803,000.00"
0000000000000000000003490,DIGITAL AIRWARE LLC,Aircraft Maint Sol & Parts Ord,12/1/2023,11/30/2028,"$4,986,000.00"
0000000000000000000004826,DLT SOLUTIONS LLC,Appian Licenses,7/1/2025,8/31/2028,"$2,642,193.01"
0000000000000000000004176,DNA LABS INTERNATIONAL,DNA Analysis & Genealogy,10/25/2024,8/31/2027,"$616,667.00"
0000000000000000000002679,"DOC2E-FILE, INC",Case File Scanning,11/16/2022,8/31/2026,"$400,000.00"
0000000000000000000002126,DOCUMENT MANAGEMENT SOLUTIONS,Invoice Tracking System,10/30/2021,8/31/2027,"$1,758,355.31"
0000000000000000000002319,DON HEWLETT CHEVROLET-OLDSMOBILE-BUICK I,Austin/Florence GM OEM Parts,7/28/2022,8/31/2027,"$1,910,000.00"
0000000000000000000004576,"DONALSON CDJR, LLC",Ram 2500 x 30,5/23/2025,8/31/2026,"$2,175,720.00"
0000000000000000000005577,"DONALSON CDJR, LLC",Ram 1500 Tradesman X 50,3/24/2026,8/31/2026,"$2,867,450.00"
0000000000000000000004304,DONALSON-HINER AUTOMOTIVE GROUP INC,Toyota Rav4,12/2/2024,8/31/2026,"$169,776.25"
0000000000000000000005596,DONALSON-HINER AUTOMOTIVE GROUP INC,Toyota Rav4 X 12,3/30/2026,8/31/2026,"$425,604.00"
0000000000000000000005555,DONALSON-HINER AUTOMOTIVE GROUP INC,Toyota 4 Runner,3/18/2026,8/31/2027,"$2,997,288.00"
405-12-20540,DOUBLE H REALTY SERVICES LLC,Building Lease - Plano 20018,2/15/2005,1/31/2030,"$850,288.00"
0000000000000000000002593,DPS ABILENE 2000 LLC,TFC Lease 20729 Abilene,10/7/2022,4/30/2033,"$25,160,371.29"
0000000000000000000001291,DPS ANGLETON 2000 LLC,Angleton DL Location,10/19/2019,11/30/2030,"$6,330,096.19"
405-17-P008959,DPS CARROLLTON 2000 LLC,Carrollton Lease 20547,11/2/2016,8/31/2027,"$68,418,780.14"
405-17-P009116,DPS DALLAS 2000 LLC,Building Lease Dallas 20379,11/1/2015,10/31/2035,"$27,055,698.00"
0000000000000000000001442,DPS DENTON 2000 LLC,Denton Lease DL 303-1-20669,6/1/2021,5/31/2031,"$12,955,048.80"
405-17-P010960,DPS GEORGETOWN 2000 LLC,Georgetown Bldg Lease 20550,1/1/2018,12/31/2027,"$36,562,837.80"
405-17-P015044,DPS GRAND PRAIRIE 2000 LLC,Grand Prairie Bldg Lease 20581,6/1/2018,5/31/2028,"$19,035,495.00"
405-15-P001178,DPS HOUSTON 2000 LLC,Building Lease Houston 20370,6/1/2015,2/29/2036,"$23,631,074.30"
405-17-P010110,DPS KILLEEN 2000 LLC,Killeen Building Lease 20511,12/8/2016,3/31/2027,"$10,547,904.13"
0000000000000000000005239,DPS LEAGUE CITY 2000 LLC,New-TFC Lse 20766-League City,10/1/2025,3/31/2036,"$12,923,149.40"
405-15-P000735,DPS MEGACENTER 2000 LTD,Bldg lease Pflugerville 20288,9/1/2012,8/31/2032,"$16,304,464.00"
405-17-P010111,DPS MIDLAND 2000 LLC,Midland TFC Lease 20549,10/27/2016,7/31/2027,"$11,778,299.41"
405-17-P010112,DPS NEW BRAUNFELS 2000 LLC,New Braunfels TFC Lease 20535,11/1/2016,10/31/2027,"$15,109,634.48"
0000000000000000000003487,DPS PLANO 2000 LLC,TFC Lease 303-3-20721 Plano,5/1/2024,4/30/2034,"$30,354,182.20"
0000000000000000000002719,DPS ROSENBERG 2000 LLC,TFC Lease Rosenberg,8/1/2022,7/31/2033,"$35,339,269.60"
405-17-P010963,DPS SOUTH HOUSTON 2000 LLC,Houston TFC Lease 20540,11/1/2016,4/30/2028,"$55,847,695.48"
0000000000000000000004015,DRAKE LIGHTING INC,Tower Lighting Blanket,7/23/2024,8/31/2029,"$475,000.00"
0000000000000000000005104,DRIVEWYZE LTD,LPRs Riviera Weigh Station,9/1/2025,8/31/2029,"$133,198.05"
0000000000000000000004109,DRIVEWYZE LTD,Queen City Weigh Stn SRIS Sppt,9/1/2024,8/31/2029,"$158,670.00"
0000000000000000000004901,DRIVEWYZE LTD,SRIS SYSTEM COMPONENTS REPAIR,9/1/2025,8/31/2026,"$198,494.00"
4/09/2026,0000000000000000000003201 DRIVEWYZE LTD,Maintenance and Support ALPR'S,9/1/2023,8/31/2028,"$1,107,221.00"
0000000000000000000002586,DRIVEWYZE LTD,Penwell Weigh Sta Facility,1/11/2023,1/11/2027,"$1,329,139.00"
0000000000000000000005070,DRIVEWYZE LTD,Centerville SRIS Upgrade,8/29/2025,8/28/2026,"$1,486,000.00"
0000000000000000000004355,DUVAL COUNTY,Duval County Office Lease,1/16/2025,1/15/2034,"$720,000.00"
0000000000000000000004955,EAGLE VALLEY SOLUTIONS CORP,Janitorial Services Childress,9/1/2025,8/31/2030,"$116,286.84"
0000000000000000000004876,ECTOR COUNTY ISD,Ector County ICC,8/23/2025,8/31/2029,"$484,041.93"
0000000000000000000005228,EKDROMOS INC,TMU Machine Gun Ammo,10/8/2025,8/31/2026,"$109,500.00"
0000000000000000000005210,EL PASO AERO INC,Statewide Aircraft Maintenance,10/2/2025,8/31/2030,"$500,000.00"
0000000000000000000004201,ELECTRONIC RISKS CONSULTANTS INC,FY25 X-Ray & Maint Repair,10/10/2024,12/3/2029,"$139,500.00"
0000000000000000000004957,ENVIRONMENTAL SYSTEMS RESEARCH INSTITUTE,ArcGIS Software License & Main,9/1/2025,8/31/2026,"$1,650,000.00"
0000000000000000000001687,EQUITY COMMERCIAL PROPERTIES LTD,Bldg Lease-Hereford 20272,12/1/2011,5/31/2032,"$2,606,267.70"
0000000000000000000002691,ETMC EMS,Crockett Tower,9/2/2022,9/1/2027,"$108,000.00"
0000000000000000000003404,ETMC EMS,Groveton Tower,9/1/2023,8/31/2028,"$108,000.00"
0000000000000000000005107,EVERBRIDGE INC,Everbridge Software,8/18/2025,8/31/2028,"$469,314.00"
0000000000000000000003170,EVERBRIDGE INC,EVERBRIDGE,9/1/2023,8/31/2028,"$782,190.00"
0000000000000000000002769,EXASALES LLC,Drawbridge Blanket,2/1/2023,8/31/2027,"$3,950,000.00"
0000000000000000000004056,"EXECUTIVE INFORMATION SYSTEMS, LLC",SAS Maintenance,9/1/2024,8/31/2027,"$194,547.00"
0000000000000000000005148,FAIRFAX IMAGING INC,Scanning and Sorting System,8/28/2025,8/31/2026,"$111,095.00"
0000000000000000000005065,FAIRFAX IMAGING INC,Opex Falcon+ Scanner Maint,9/1/2025,8/31/2030,"$160,395.60"
0000000000000000000003570,FANDO LANDSCAPING AND LAWNCARE LLC,Lubbock Lawn Services,1/18/2024,8/31/2028,"$156,402.00"
0000000000000000000001719,FEDERAL EXPRESS,FedEx Shipping Agency Wide,11/28/2021,11/27/2026,"$943,264.00"
0000000000000000000005485,FIELDTURF USA INC,2026FL01000 Shtng Rng Port Rep,2/19/2026,8/31/2026,"$260,834.28"
405-12-25850,FINDERS REAL ESTATE LLC,Bldg Lease - Leon Valley 20290,11/1/2012,8/31/2027,"$6,962,785.00"
405-12-24388,FIRST NATIONAL BANK OF HEBBRONVILLE,Bld Lease - Hebbronville 20275,11/1/2011,10/31/2031,"$450,000.00"
000000000000000000003699A FISHER SCIENTIFIC,GMID-X Client License,,3/15/2024,3/14/2029,"$270,106.46"
0000000000000000000001249,FLIGHTSAFETY INTERNATIONAL INC,Flight Simulation Training,2/15/2021,5/14/2026,"$1,500,000.00"
0000000000000000000005547,FLINTCO LLC,HQ PT Track and Field,3/12/2026,8/31/2027,"$1,415,724.95"
0000000000000000000004440,FLOCK GROUP INC,Master Services Agreement,3/8/2025,3/7/2028,"$26,914,417.00"
0000000000000000000004372,FLORES AND ASSOCIATES LLC,Printer/Toner,3/4/2025,3/4/2030,"$2,500,000.00"
0000000000000000000002851,FLORES AND ASSOCIATES LLC,DLD KA Scanner Blanket SOLIC,3/8/2023,8/31/2027,"$7,500,000.00"
0000000000000000000002823,FORAY TECHNOLOGIES,FORAY Software Support,2/7/2023,2/7/2028,"$217,854.46"
0000000000000000000005044,FORENSIC ANALYSIS TRAINING CONNECTIONS,SPECIALIST INTERVIEW TRAINING,1/27/2026,1/26/2031,"$300,000.00"
0000000000000000000004748,FOUR LLC,FY25 SOLCT i2 Analyst Notebook,6/24/2025,6/24/2030,"$1,245,780.00"
0000000000000000000005444,"FRANK LOW VOLTAGE, LLC",SA Alamo - Fiber Ring,1/30/2026,8/31/2026,"$1,400,976.00"
0000000000000000000001620,"FRANK LOW VOLTAGE, LLC",Network Cabling Contract,9/1/2021,8/31/2026,"$5,000,000.00"
0000000000000000000005487,FULL SPECTRUM GROUP LLC,Lab Equip Main Blanket Service,3/15/2026,8/31/2030,"$900,000.00"
0000000000000000000003554,FUSIONSTAK LLC,CloudGavel Licenses,12/1/2023,11/30/2028,"$330,000.00"
0000000000000000000005379,G T DISTRIBUTORS INC,B26 FlexRS Uniforms,12/10/2025,8/31/2026,"$102,418.80"
0000000000000000000004636,G T DISTRIBUTORS INC,D25 Flex RS Uniforms,4/30/2025,8/31/2026,"$106,730.40"
0000000000000000000005519,G T DISTRIBUTORS INC,HQ THP Mossberg shotguns,3/3/2026,8/31/2026,"$122,000.00"
0000000000000000000005319,G T DISTRIBUTORS INC,A26 FlexRS Uniforms,11/14/2025,8/31/2026,"$140,205.20"
4/09/2026,0000000000000000000005342 G T DISTRIBUTORS INC,11.21.25_ 9mm Luger Ammo,11/21/2025,8/31/2026,"$145,950.00"
0000000000000000000005343,G T DISTRIBUTORS INC,11.21.25_9mm Training Ammo,11/21/2025,8/31/2026,"$153,360.00"
0000000000000000000005569,G T DISTRIBUTORS INC,3.20.26_Ammo_9MM Practice,3/20/2026,8/31/2027,"$215,586.20"
0000000000000000000005439,G T DISTRIBUTORS INC,1.23.26_Ammo 223 Cal,1/23/2026,8/31/2026,"$238,862.40"
0000000000000000000005220,G T DISTRIBUTORS INC,D25 FTU Training & Sim Auto,10/3/2025,8/31/2026,"$364,548.82"
0000000000000000000004997,G T DISTRIBUTORS INC,THP Holsters,8/1/2025,8/31/2026,"$553,403.52"
0000000000000000000004894,"G4 GEOMATIC RESOURCES, LLC",FY25 Leica CCP Renewal,6/27/2025,6/29/2026,"$150,931.29"
0000000000000000000005530,GALLS LLC,THP Region 6 FFO bags,2/13/2026,8/31/2026,"$125,552.28"
0000000000000000000005357,GALLS LLC,Active Shooter Kits,12/4/2025,8/31/2026,"$130,610.00"
0000000000000000000005192,GALLS LLC,D25 Armor Skin Uniforms,9/22/2025,8/31/2026,"$133,600.00"
0000000000000000000005318,GALLS LLC,A26 Armor Skins,11/14/2025,8/31/2026,"$133,600.00"
0000000000000000000005381,GALLS LLC,B26 Armor Skins,12/10/2025,8/31/2026,"$133,600.00"
0000000000000000000004769,GALLS LLC,C25 Soft Body Armor,6/3/2025,8/31/2026,"$156,000.00"
0000000000000000000005196,GALLS LLC,D25 Soft Body Armor,9/22/2025,8/31/2026,"$156,000.00"
0000000000000000000005320,GALLS LLC,A26 Soft Body Armor,11/14/2025,8/31/2026,"$156,000.00"
0000000000000000000005382,GALLS LLC,B26 Soft Body Armor,12/10/2025,8/31/2026,"$156,000.00"
0000000000000000000005321,GALLS LLC,THP 5.11 ranger green M.R. bag,11/14/2025,8/31/2026,"$160,377.00"
0000000000000000000005307,GALLS LLC,THP 5.11 kangaroo M.R. bag,11/12/2025,8/31/2026,"$183,288.00"
0000000000000000000005195,GALLS LLC,D25 Class AC Uniforms,9/22/2025,8/31/2026,"$204,625.60"
0000000000000000000005306,GALLS LLC,A26 Class AC Uniforms,11/12/2025,8/31/2026,"$204,625.60"
0000000000000000000005380,GALLS LLC,B26 Class AC Uniforms,12/10/2025,8/31/2026,"$204,625.60"
0000000000000000000004776,GALLS LLC,C25 TAC Vests,6/4/2025,8/31/2026,"$282,400.00"
0000000000000000000005215,GALLS LLC,D25 TAC Vests,10/2/2025,8/31/2026,"$282,400.00"
0000000000000000000005310,GALLS LLC,A26 TAC Vest,11/14/2025,8/31/2026,"$282,400.00"
0000000000000000000005383,GALLS LLC,B26 TAC Vests,12/10/2025,8/31/2026,"$282,400.00"
0000000000000000000005410,GALLS LLC,THP blanket PO armor grant,12/30/2025,8/31/2026,"$300,050.00"
0000000000000000000005564,GALLS LLC,THP Omega plates,3/19/2026,8/31/2026,"$363,500.00"
0000000000000000000005087,GALLS LLC,THP Lvl III ballistic shields,8/18/2025,8/31/2026,"$422,696.95"
0000000000000000000005482,GALLS LLC,HQ THP Ballistic Shields,3/5/2026,8/31/2026,"$1,623,360.00"
0000000000000000000005330,GALLS LLC,GSA GALLS BLANKET,2/11/2026,8/31/2030,"$5,000,000.00"
0000000000000000000005445,GARMIN INTERNATIONAL INC,Garmin Database Subscription,2/20/2026,2/19/2031,"$300,000.00"
0000000000000000000004123,GARMIN INTERNATIONAL INC,Garmin Avionic Parts,9/1/2024,8/31/2029,"$1,125,000.00"
0000000000000000000005111,"GCOM SOFTWARE LLC, A VOYATEK COMPANY",CCH+ Solution,1/19/2026,1/18/2031,"$47,917,320.00"
0000000000000000000005040,GEN-TEC INC,HOU CL Portable Generator,8/5/2025,8/4/2026,"$185,818.75"
0000000000000000000005014,GENTUERI INC,CLD CO Pouches,9/1/2025,8/31/2030,"$552,800.00"
0000000000000000000005584,GLADIATOR FORENSICS LLC,Gladiator Renewal Damien Light,4/1/2026,4/1/2027,"$100,999.00"
0000000000000000000005082,GLOBAL BUILDING MAINTENANCE INC,FY26SOLICT Dallas Mega Janitor,9/1/2025,8/31/2030,"$364,500.00"
0000000000000000000003657,GONZALES INDEPENDENT SCHOOL DISTRICT,Establish ICC w/ Gonzales ISD,1/18/2024,8/31/2034,"$412,560.00"
0000000000000000000004967,GRANITE DEFENSE & TECHNOLOGIES LLC,SKYDIO,7/17/2025,8/31/2026,"$165,073.74"
0000000000000000000004741,GRANITE DEFENSE & TECHNOLOGIES LLC,Skydio Drone Platform,5/28/2025,8/31/2028,"$231,525.21"
405-12-20548,GRIBBLE GATEWAY LLC,TFC Lease Universal City 20148,1/1/2008,12/31/2030,"$3,975,907.00"
4/09/2026,"0000000000000000000002476 GTS TECHNOLOGY SOLUTIONS, INC.",StruxureWare Data Ctr. Softwar,9/1/2022,8/31/2027,"$101,729.75"
0000000000000000000005523,"GTS TECHNOLOGY SOLUTIONS, INC.",Dell Isilon Warranty,3/11/2026,8/31/2027,"$106,991.46"
0000000000000000000004475,"GTS TECHNOLOGY SOLUTIONS, INC.",Net IQ DRA Maintenance,8/27/2025,8/31/2026,"$109,967.52"
0000000000000000000005166,"GTS TECHNOLOGY SOLUTIONS, INC.",FY25 CYB Laptop Upgrades,8/29/2025,8/31/2026,"$115,297.12"
0000000000000000000005110,"GTS TECHNOLOGY SOLUTIONS, INC.",3383815 - 70 Pro Max 14s w/32G,8/21/2025,8/31/2026,"$144,899.30"
0000000000000000000004840,"GTS TECHNOLOGY SOLUTIONS, INC.",Dell Plex Tower Plus,6/23/2025,6/22/2026,"$169,127.64"
0000000000000000000004797,"GTS TECHNOLOGY SOLUTIONS, INC.",Radio Dock Spares,6/6/2025,6/5/2026,"$174,480.00"
0000000000000000000003686,"GTS TECHNOLOGY SOLUTIONS, INC.",RECORDS,1/31/2024,1/31/2027,"$318,273.60"
0000000000000000000002553,"GTS TECHNOLOGY SOLUTIONS, INC.",CommShop 360 Support & Mainten,8/29/2022,8/31/2026,"$366,874.93"
0000000000000000000005538,"GTS TECHNOLOGY SOLUTIONS, INC.",PowerEdge Servers,3/11/2026,3/31/2027,"$471,087.04"
0000000000000000000003269,"GTS TECHNOLOGY SOLUTIONS, INC.",FY24 - Recorded Future - CYB,8/4/2023,8/31/2026,"$548,153.43"
0000000000000000000003629,"GTS TECHNOLOGY SOLUTIONS, INC.",Netmotion Platform Full Access,2/4/2024,2/3/2027,"$613,998.42"
0000000000000000000005331,"GTS TECHNOLOGY SOLUTIONS, INC.",FY26 Parts Build,11/18/2025,8/31/2026,"$634,820.00"
0000000000000000000004422,"GTS TECHNOLOGY SOLUTIONS, INC.",Secure Access Netmotion'25-'28,2/4/2025,2/3/2028,"$635,285.00"
0000000000000000000005149,"GTS TECHNOLOGY SOLUTIONS, INC.",3409931 - 147 Pro Max 16 Prem,8/28/2025,8/31/2026,"$648,641.91"
0000000000000000000005312,"GTS TECHNOLOGY SOLUTIONS, INC.",Peplink,11/13/2025,8/31/2026,"$672,315.00"
0000000000000000000003197,"GTS TECHNOLOGY SOLUTIONS, INC.",VMWARE Maintenance,9/1/2023,8/31/2028,"$786,574.16"
0000000000000000000004572,"GTS TECHNOLOGY SOLUTIONS, INC.",InRow Cooler/UPS Maint,4/16/2025,4/15/2030,"$805,100.68"
0000000000000000000004192,"GTS TECHNOLOGY SOLUTIONS, INC.",ARMIS ENTERPRISE LICENSES,9/27/2024,9/30/2029,"$1,249,444.44"
0000000000000000000005136,"GTS TECHNOLOGY SOLUTIONS, INC.",FY25 CYB Server Expansion,8/27/2025,8/31/2026,"$1,301,194.95"
0000000000000000000005403,"GTS TECHNOLOGY SOLUTIONS, INC.",Peplink Router Build,2/4/2026,2/4/2027,"$2,099,496.00"
0000000000000000000004716,"GTS TECHNOLOGY SOLUTIONS, INC.",FY25 Build,5/30/2025,5/29/2026,"$2,578,863.00"
0000000000000000000004570,"GTS TECHNOLOGY SOLUTIONS, INC.",CyberVault and CyberSense,5/9/2025,8/31/2030,"$2,834,774.35"
0000000000000000000005604,"GTS TECHNOLOGY SOLUTIONS, INC.",SIEM SOAR,4/10/2026,4/23/2031,"$7,778,344.05"
0000000000000000000003451,"GTS TECHNOLOGY SOLUTIONS, INC.",Splunk Enterprise Security,9/1/2023,10/15/2026,"$9,005,847.69"
0000000000000000000005407,"GTS TECHNOLOGY SOLUTIONS, INC.",Printer & Router Blanket,1/20/2026,1/20/2031,"$10,000,000.00"
0000000000000000000001749,"GTS TECHNOLOGY SOLUTIONS, INC.",Desktop & Laptop Blankets,8/20/2021,8/19/2026,"$25,000,000.00"
0000000000000000000003501,HALLMARK JET CENTER INC,San Antonio Hangar Lease,11/1/2023,10/31/2033,"$2,295,532.52"
0000000000000000000005546,HAMILTON,CLD - Hamilton Microlab,3/11/2026,8/31/2026,"$389,802.49"
0000000000000000000000964,HOUSTON COUNTY,ICC Houston County,5/7/2020,5/6/2030,"$240,000.00"
405-16-P006082,HUDSON DUDLEY PROPERTIES LLC,Building Lease - Perryton 6810,8/1/1990,10/31/2030,"$218,653.00"
0000000000000000000002210,HUNT COUNTY,Hunt Cty/Greenville DL Lease,12/22/2021,8/31/2026,"$662,740.00"
0000000000000000000005232,IBM CORPORATION,Solic IBM DB2 V12.1 Extd. Supp,10/9/2025,8/31/2026,"$117,400.00"
0000000000000000000003900,IBM CORPORATION,20024 - TWS Managed Services,6/26/2024,8/31/2027,"$1,208,000.00"
0000000000000000000003391,IBM CORPORATION,IBM Mainframe MLC,9/1/2023,8/31/2026,"$4,639,738.59"
405-12-24554,IBNI INVESTMENTS INC,Building Lease - Houston 20264,3/1/2012,2/28/2027,"$1,806,303.36"
0000000000000000000002980,IDEMIA IDENTITY & SECURITY USA LLC,Live Scan Maint,7/1/2023,6/30/2028,"$7,541,987.49"
0000000000000000000002486,IDEMIA IDENTITY & SECURITY USA LLC,Biometric Capture System (BCS),2/23/2023,2/29/2028,"$16,978,800.00"
0000000000000000000003285,IDEMIA IDENTITY & SECURITY USA LLC,Card Pro & Mailing Srvs,9/7/2023,8/31/2028,"$73,305,000.00"
0000000000000000000002598,IMMIX TECHNOLOGY INC,Address Validation,9/8/2022,8/31/2027,"$382,887.56"
0000000000000000000004060,IMMIX TECHNOLOGY INC,FY25 SOLCT ZeroFox,8/7/2024,8/31/2029,"$1,054,534.50"
4/09/2026,000000000000000000002758A IMPACT FIRE SERVICES LLC,Fire Extinguisher with Bracket,12/20/2022,8/31/2027,"$500,000.00"
0000000000000000000004331,INCIDENT COMMUNICATION SOLUTIONS,Satellite Hardware,12/20/2024,12/19/2029,"$639,028.00"
0000000000000000000004214,INDUSTRIAL STRENGTH INDUSTRIAL LLC,GSA LE Equip Blanket,10/11/2024,8/31/2029,"$4,500,000.00"
0000000000000000000004288,INFORMATION DISCOVERY SERVICES,Background Investigation,11/16/2024,3/24/2029,"$9,000,000.00"
0000000000000000000005449,"INNOVATION EVENT MANAGEMENT, LP",Criminal Justice Conference 26,1/29/2026,8/31/2026,"$333,010.35"
0000000000000000000002973,INSIGHT PSYCHOLOGY & BEHAVORIAL HEALTH,Insight Employee Evaluations,4/28/2023,4/27/2027,"$410,000.00"
0000000000000000000001867,INTEGRATED TOWER SYSTEMS INC,106 ft Portable Tower System,8/10/2021,8/10/2026,"$534,047.00"
0000000000000000000002976,INTELIBLUE LLC,MF Migration Staff Aug-QA,4/25/2023,5/31/2026,"$501,036.24"
405-12-20524,JACK B AND CAROLE HORNE,Bldg Lease - Coleman 9654,4/1/1997,3/31/2027,"$268,661.00"
0000000000000000000002404,JACKSON CONSTRUCTION & GENERAL CONTRACTI,LPR Pole Installation LES 2022,6/29/2022,8/31/2026,"$360,000.00"
0000000000000000000005484,JAMES ROBERTS,Aircraft Maint. Travis/William,2/19/2026,8/20/2030,"$500,000.00"
0000000000000000000004544,JDI VENTURES LLC DBA PEAK PERFORMANCE SO,CJIS AUDIT/TRN MAINT '25-'30,5/1/2025,4/30/2030,"$900,000.00"
0000000000000000000003601,JDM JANITORIAL INC.,Abilene Janitorial,12/12/2023,8/31/2028,"$276,181.76"
405-15-P002238,JESUS A RODRIGUEZ,Bldg lease - Presidio 20439,2/1/2015,2/28/2030,"$220,800.00"
0000000000000000000004793,JIM HOFFPAUIR INC,TMU ATV/UTV,6/5/2025,6/5/2026,"$132,710.90"
0000000000000000000003599,"JM ENGINEERING, LLC",20230403000 HVAC Replacement,12/12/2023,8/31/2028,"$116,751.80"
0000000000000000000002852,JOHNSON CONTROLS,FY23 HQ Statewide BAS JCI,3/10/2023,8/31/2026,"$495,250.05"
0000000000000000000005352,JOHNSON ROBERTS & ASSOCIATES INC,JRA Psychological Eval Tests,3/1/2026,8/31/2030,"$125,000.00"
0000000000000000000005240,JORDAN FORD LTD,Weslaco OEM parts Ford,10/27/2025,10/26/2030,"$200,000.00"
0000000000000000000004830,JOSE F PEREZ DBA BLUE LINE AIR CONDITION,FY26 R3 SOLICT Weslaco AirFilt,6/12/2025,8/31/2030,"$108,370.86"
405-17-P010959,JOSE GUILLERMO RUBIO-SANCHEZ,Marble Falls Bldg Lease 20536,9/9/2016,3/31/2027,"$1,100,451.96"
0000000000000000000005529,JPEC SERVICES LLC,AUSTIN-FLORENCE GENERATOR SRVC,3/11/2026,8/31/2030,"$950,000.00"
0000000000000000000003465,KASEWARE INC,Kaseware Enterprise Contract,9/11/2023,8/31/2033,"$47,660,000.00"
0000000000000000000002763,KATHERINE PARKER,Alpine Hanger Lease New,2/23/2023,2/22/2033,"$336,000.00"
CLD202208190813,KENDALL COUNTY,ICC SEIZED DRUG ANALYSIS,10/1/2022,9/30/2026,"$413,221.24"
0000000000000000000000143,KLEBERG COUNTY,TFC Lease - Kingsville 20271,9/1/2018,2/29/2028,"$113,000.00"
0000000000000000000004208,KUDELSKI SECURITY INC,Sophos Endpoint Protection,3/1/2025,3/29/2028,"$239,364.82"
405-15-P000693,LA ANNA WAGONSELLER,TFC Bldg lease - Bowie 9929 -,3/3/1998,2/29/2028,"$509,965.72"
0000000000000000000002970,LAGUNA SECA PROPERTIES INC,Los Fresnos Boat Barn Lease,4/20/2023,4/30/2028,"$446,000.00"
0000000000000000000004753,LAKE COUNTRY CHEVROLET INC,Silverado - Cpt x 15,6/6/2025,8/31/2026,"$1,213,587.75"
0000000000000000000004464,LAKE COUNTRY CHEVROLET INC,Tahoe BW x 229,5/23/2025,8/31/2026,"$19,135,565.18"
0000000000000000000001827,LAREDO COLLEGE,Laredo College ICC,9/21/2021,3/31/2038,"$689,190.00"
0000000000000000000004872,LAWMEN'S & SHOOTERS SUPPLY,Leather Gear,6/23/2025,6/22/2027,"$637,906.00"
0000000000000000000005360,"LBR Mechanical Services, LLC",Garland-CL-Exhust Fan Rplc.,12/5/2025,8/31/2026,"$264,688.40"
0000000000000000000003119,"LBR Mechanical Services, LLC",20220214000 TX City HVAC Con,6/14/2023,8/31/2026,"$607,471.97"
0000000000000000000004427,"LEADSONLINE PARENT, LLC",LeadsOnline Annual Licensing,3/28/2025,3/14/2030,"$1,656,260.00"
0000000000000000000000977,LEE COUNTY,Giddings Office Space DL/THP,6/12/2020,6/13/2030,"$120,000.00"
0000000000000000000005517,LENCO INDUSTRIES INC,AFR_Lenco Bearcats (HQ),3/2/2026,8/31/2026,"$831,236.00"
0000000000000000000003374,LEXISNEXIS,Lexis+ Subcription,9/27/2023,9/30/2028,"$227,220.00"
0000000000000000000004010,LEXISNEXIS,NEXIS NEWSDESK & RESEARCH SOLU,8/1/2024,7/31/2029,"$879,005.00"
0000000000000000000003649,LEXISNEXIS RISK SOLUTIONS FL INC,FY24 SOLCIT ICT TraX & Viper,1/16/2024,8/31/2028,"$288,549.00"
4/09/2026,0000000000000000000002701 LEXISNEXIS RISK SOLUTIONS FL INC,FY23 SOLCT Accurint VCC,11/18/2022,8/31/2027,"$1,254,000.00"
0000000000000000000003166,"LIBERTY EQUIPMENT SALES, INC.",Statewide Underground Storage,7/5/2023,7/4/2028,"$190,080.50"
0000000000000000000005391,LIFE TECHNOLOGIES CORPORATION,CLD_CO_AppliedBio_Kits,12/12/2025,8/31/2026,"$108,490.00"
0000000000000000000005193,LIFE TECHNOLOGIES CORPORATION,CLD CO Lab Supplies Life Tech,9/22/2025,8/31/2026,"$171,000.00"
0000000000000000000005565,LIFE TECHNOLOGIES CORPORATION,CLD_CO_GF & Yfiler Kits,3/19/2026,8/31/2026,"$321,670.00"
0000000000000000000005492,LIFE TECHNOLOGIES CORPORATION,GMID-XV1.7 SW UPG,2/24/2026,8/31/2026,"$346,508.80"
0000000000000000000005262,LIFE TECHNOLOGIES CORPORATION,Thermal Cycler Maintenance,11/1/2025,8/31/2030,"$509,121.10"
0000000000000000000005497,LIFE TECHNOLOGIES CORPORATION,Life Tech Rapid DNA,2/25/2026,2/25/2027,"$615,528.39"
0000000000000000000005605,LIFE TECHNOLOGIES CORPORATION,Lab Supplies Emergency Blanket,3/31/2026,8/31/2026,"$1,764,204.21"
0000000000000000000002228,LIFE TECHNOLOGIES CORPORATION,DNA Quantification Kits,4/20/2022,4/30/2027,"$2,121,211.40"
0000000000000000000003414,LIFE TECHNOLOGIES CORPORATION,CLD Service Contract,9/1/2023,8/31/2028,"$2,655,741.49"
0000000000000000000005135,"LIFELOC TECHNOLOGIES, INC.",THP Breathalyzers,8/29/2025,8/31/2026,"$104,274.16"
0000000000000000000003149,LOADOMETER CORP,Blanket CVE Scale Press,6/27/2023,8/31/2027,"$576,000.00"
0000000000000000000002825,"LOBLOLLY CONSULTING, LLC",Staff Aug SSIS Report Writer,2/6/2023,8/31/2026,"$631,440.00"
0000000000000000000003375,"LOBLOLLY CONSULTING, LLC",FY23 FIN Tableau Staff Aug,8/28/2023,8/31/2026,"$923,552.00"
0000000000000000000002349,LONE STAR HANGER SYSTEMS INC,David Hooks Hangar Lease,8/30/2022,8/31/2032,"$773,811.85"
0000000000000000000003581,LUBBOCK MOTORS F INC,Lubbock Blanket Ford OEM,12/1/2023,8/31/2028,"$150,000.00"
0000000000000000000002571,MAGNET FORENSICS LLC,HQ TR/CID/CL GrayKey License,9/1/2022,8/31/2026,"$928,017.85"
0000000000000000000003808,MARINUS ANALYTICS LLC,Traffic Jam,5/1/2024,4/30/2027,"$177,143.00"
0000000000000000000005174,"Mavich, LLC",Generator Statewide - Supplies,8/29/2025,8/31/2026,"$363,539.25"
0000000000000000000005447,"MAYRION CAPITAL, LLC",Recruit School Linen Services,3/2/2026,2/28/2031,"$350,000.00"
0000000000000000000000175,MCALLEN RESORT HOLDINGS LTD,TFC Lease La Joya 20620,10/24/2018,6/30/2029,"$4,115,622.00"
0000000000000000000005209,MCCREERY AVIATION CO INC,Region 3 Aircraft Maintenance,10/2/2025,8/31/2030,"$500,000.00"
0000000000000000000003617,METRO AVIATION INC,Heavy Aviation Maintenance,12/19/2023,12/31/2028,"$1,196,484.35"
0000000000000000000003632,METRO AVIATION INC,Heavy Aviation Maintenance,2/5/2024,12/31/2028,"$2,500,000.00"
0000000000000000000005222,METRO AVIATION INC,Helicopter Completions,10/16/2025,8/31/2027,"$21,807,099.85"
0000000000000000000003367,MICROASSIST INC,Sex Offender Registry,8/23/2023,8/31/2028,"$9,480,017.00"
0000000000000000000002706,MICROASSIST INC,Maintenance Application,2/10/2023,2/9/2028,"$19,147,741.44"
0000000000000000000004517,MICROSOFT CORPORATION,MS Premier Support,5/12/2025,5/11/2026,"$357,146.00"
0000000000000000000004874,MIDLAND COUNTY AUDITOR,Midland County ICC,11/11/2025,11/10/2029,"$478,474.34"
0000000000000000000003998,MILAM COUNTY,Milam County - Interlocal,7/18/2024,8/31/2031,"$444,872.00"
0000000000000000000002947,"MISSION CRITICAL PARTNERS, INC.",CRD Consulting Services,5/11/2023,5/10/2028,"$4,000,000.00"
0000000000000000000002005,ML BRYANT INTERESTS LLC,Law Enforcement Criminal Inves,9/1/2021,8/31/2026,"$1,400,000.00"
0000000000000000000004782,MOBILE MODULAR MANAGEMENT CORP,Modular Bathrooms and offices,6/4/2025,8/31/2026,"$130,002.00"
0000000000000000000003472,MONTGOMERY COUNTY,Montgomery Count. Trng Center,9/12/2023,8/31/2027,"$23,745,000.00"
0000000000000000000004869,MOTOROLA SOLUTIONS INC,Robertson County ASR,6/23/2025,6/22/2026,"$139,134.00"
0000000000000000000005457,MOTOROLA SOLUTIONS INC,A26 Body Worn Cameras,2/4/2026,8/31/2026,"$150,920.97"
0000000000000000000003307,MOTOROLA SOLUTIONS INC,MCM Upgrade,8/11/2023,8/10/2028,"$163,003.00"
0000000000000000000005205,MOTOROLA SOLUTIONS INC,C25 Body Worn Cameras,9/30/2025,9/30/2028,"$187,188.80"
0000000000000000000004699,MOTOROLA SOLUTIONS INC,A25 Body Worn Cameras,5/28/2025,5/27/2026,"$192,510.45"
0000000000000000000004701,MOTOROLA SOLUTIONS INC,B25 Body Worn Cameras,5/28/2025,5/27/2026,"$192,510.45"
4/09/2026,0000000000000000000004800 MOTOROLA SOLUTIONS INC,BWC Cap,6/6/2025,6/30/2026,"$308,766.00"
0000000000000000000005159,MOTOROLA SOLUTIONS INC,FY25 Motorola KVLs/APX Radio C,8/29/2025,8/31/2032,"$445,742.30"
0000000000000000000005495,MOTOROLA SOLUTIONS INC,THP Body Cameras BWC Grant,2/24/2026,2/24/2027,"$925,323.00"
0000000000000000000004943,MOTOROLA SOLUTIONS INC,TIRIS Phase 3,8/8/2025,8/31/2027,"$1,372,250.00"
000000000000000000002426A MOTOROLA SOLUTIONS INC,DLD Body Cameras,,7/22/2022,7/21/2026,"$1,500,000.00"
0000000000000000000002985,MOTOROLA SOLUTIONS INC,LPR-Facial Recognition,8/2/2023,8/31/2028,"$1,525,000.00"
0000000000000000000005092,MOTOROLA SOLUTIONS INC,APX Next Radios,8/25/2025,8/25/2026,"$2,449,694.08"
0000000000000000000004300,MOTOROLA SOLUTIONS INC,ACS Connectivitiy,12/18/2024,12/31/2029,"$4,993,852.00"
0000000000000000000004017,MOTOROLA SOLUTIONS INC,APX Radio,8/16/2024,8/31/2029,"$6,856,888.75"
0000000000000000000005385,MOTOROLA SOLUTIONS INC,FY26 Build Video,12/30/2025,8/31/2026,"$6,987,638.50"
0000000000000000000003867,MOTOROLA SOLUTIONS INC,MOTOROLA EQUIPMENT SERVICE & M,6/1/2024,8/31/2026,"$7,388,426.82"
0000000000000000000005409,MOTOROLA SOLUTIONS INC,APXNext Radios,12/23/2025,8/31/2026,"$8,420,158.50"
0000000000000000000003805,MOTOROLA SOLUTIONS INC,VIDEO EVIDENCE MANAGEMENT SOLU,9/1/2024,8/31/2027,"$8,854,461.00"
0000000000000000000005603,MOTOROLA SOLUTIONS INC,"CC AWARE, LPR, CC DEMS",3/31/2026,8/31/2030,"$9,102,386.66"
000000000000000000003289A MOTOROLA SOLUTIONS INC,10 Year Radio Lease,,9/19/2025,9/30/2034,"$58,077,950.58"
0000000000000000000003577,NARROW PATH PROPERTY MANAGEMENT LLC,Linden Cass County Lease,12/29/2023,12/28/2033,"$225,000.00"
0000000000000000000004177,NATIONAL ASSOC OF STATE BOATING LAW ADMI,TMU NASBLA Training,9/19/2024,8/31/2026,"$313,800.00"
0000000000000000000005426,"NATIONAL MEDICAL SERVICES, INC.",Drug Outsourcing,3/1/2026,8/31/2031,"$5,594,000.00"
0000000000000000000003989,"NATIONAL MEDICAL SERVICES, INC.",Toxicology Outsourcing,7/15/2024,7/14/2029,"$6,500,000.00"
0000000000000000000002827,NATL LAW ENFORCEMENT TELECOMMUNICATIONS,NLETS Subscription Srvcs,2/21/2023,8/31/2027,"$404,527.96"
0000000000000000000002420,NEC CORPORATION OF AMERICA,FY23 IVS,12/20/2022,12/31/2027,"$4,970,632.00"
0000000000000000000004296,NEC CORPORATION OF AMERICA,MBIS Maintenance and Support,3/1/2025,2/28/2030,"$14,109,193.28"
0000000000000000000002969,"NEOS CONSULTING GROUP, LLC",Mainframe Migration Staff Aug,4/26/2023,8/31/2026,"$681,340.00"
0000000000000000000005270,"NETSYNC NETWORK SOLUTIONS, INC.",BIG-IP Subscription Services,11/1/2025,12/21/2026,"$102,085.62"
0000000000000000000005247,"NETSYNC NETWORK SOLUTIONS, INC.",Infoblox Solicitation,10/16/2025,8/31/2026,"$125,183.95"
0000000000000000000005443,"NETSYNC NETWORK SOLUTIONS, INC.",FY26 Red Hat Maintenance,1/28/2026,2/26/2027,"$140,555.88"
0000000000000000000003403,"NETSYNC NETWORK SOLUTIONS, INC.",F5 BIG-IP Switch Local Traffic,8/28/2023,8/30/2028,"$190,517.40"
0000000000000000000003667,"NETSYNC NETWORK SOLUTIONS, INC.",AppDynamics Software,1/25/2024,1/24/2027,"$198,600.12"
0000000000000000000005431,"NETSYNC NETWORK SOLUTIONS, INC.",SR 3466468 Internet Firewall,1/20/2026,8/31/2026,"$250,038.40"
0000000000000000000003780,"NETSYNC NETWORK SOLUTIONS, INC.",Routers Upgrade,3/26/2024,3/25/2027,"$288,651.00"
0000000000000000000002895,"NETSYNC NETWORK SOLUTIONS, INC.",FY23 SOLCT AppDynamics SaaS,3/20/2023,8/31/2026,"$312,994.44"
0000000000000000000005013,"NETSYNC NETWORK SOLUTIONS, INC.",Cisco Secure Frewal Add Equip,7/28/2025,8/31/2030,"$579,840.00"
0000000000000000000004696,"NETSYNC NETWORK SOLUTIONS, INC.",DPS HW Equipment,5/15/2025,5/15/2028,"$601,996.26"
0000000000000000000004073,"NETSYNC NETWORK SOLUTIONS, INC.",ISR,8/14/2024,8/31/2027,"$937,716.29"
0000000000000000000003811,"NETSYNC NETWORK SOLUTIONS, INC.",DPS Core,4/25/2024,4/24/2027,"$999,893.50"
0000000000000000000004511,"NETSYNC NETWORK SOLUTIONS, INC.",Cisco Flex Rnwl FY25,4/16/2025,4/15/2028,"$1,165,806.00"
0000000000000000000004247,"NETSYNC NETWORK SOLUTIONS, INC.",SDWAN Routers,2/25/2025,2/24/2028,"$1,830,790.00"
0000000000000000000005387,"NETSYNC NETWORK SOLUTIONS, INC.",Enterprise Security Agreement,1/1/2026,12/31/2030,"$5,807,041.25"
0000000000000000000003658,NEUBUS INC,Microfilm Digital Conversion,3/1/2024,3/1/2029,"$12,122,212.00"
0000000000000000000005332,NEW TECH SOLUTIONS INC,FY26 Solarwinds Solicitation,12/15/2025,12/14/2028,"$286,307.71"
0000000000000000000004271,NEW TECH SOLUTIONS INC,FY25 Adobe ETLA,11/14/2024,11/17/2027,"$953,205.98"
4/09/2026,0000000000000000000002532 NI GOVERNMENT SERVICES INC,FY23 Mobile Sat Radio Srvs,8/25/2022,8/31/2026,"$129,119.04"
0000000000000000000005200,NICHEVISION FORENSICS LLC,STRmix Upgrade & Maintenance,10/1/2025,9/30/2029,"$344,400.00"
0000000000000000000004615,NIPUN SYSTEMS INC,Staff Aug Business Analyst 2,4/24/2025,8/31/2026,"$271,600.00"
0000000000000000000004609,NIPUN SYSTEMS INC,Database Administrator 3 ITSAC,4/22/2025,8/31/2026,"$399,312.00"
0000000000000000000003858,NIPUN SYSTEMS INC,Staff Aug Java Developer,6/6/2024,5/31/2026,"$549,282.00"
0000000000000000000002572,NIPUN SYSTEMS INC,DIR Staff Aug Diana Gillikin,8/30/2022,8/31/2027,"$1,442,400.00"
0000000000000000000004417,"NP STRATEGIES, LLC",Bridge4PS Subscription,3/1/2025,2/28/2030,"$1,250,000.00"
0000000000000000000003626,NWN CORPORATION,911 Inform License and Softwar,12/28/2023,3/31/2027,"$161,407.77"
0000000000000000000001990,OCCUPATIONAL HEALTH CENTERS OF THE SW PA,Trooper Candidate Physicals,9/1/2021,2/28/2027,"$2,275,285.72"
0000000000000000000004187,OPERATOR XR LLC,Operator XR VR Training System,8/1/2025,7/31/2030,"$3,695,600.56"
0000000000000000000005477,OPTIMUM CONSULTANCY SERVICES,Smartsheet Enterprise Licenses,4/1/2026,3/31/2031,"$621,700.25"
0000000000000000000004235,OPTIMUM TECHNOLOGY INC,UCR/NIBRS M&S,4/1/2025,3/31/2030,"$2,570,280.00"
0000000000000000000005183,OPUS INSPECTION INC,TORVET (FY 26-31),11/3/2025,1/31/2031,"$2,500,000.00"
0000000000000000000001596,OPUS INSPECTION TECHNOLOGIES INC,ADLTS,7/1/2021,6/30/2026,"$6,503,963.10"
0000000000000000000003535,OPUS INSPECTION TECHNOLOGIES INC,DLD Appointment Solutions,1/1/2025,12/31/2029,"$12,000,000.00"
0000000000000000000002941,O'REILLY MEDIA INC,FY23 O'Reilly Online Learning,4/12/2023,4/11/2028,"$185,530.00"
0000000000000000000004178,OTHRAM INC,SNP Testing and Genealogy Rese,10/25/2024,8/31/2027,"$116,667.00"
0000000000000000000004655,PACESETTER K9 LLC,Canines Blanket,5/2/2025,5/1/2030,"$200,000.00"
0000000000000000000003691,PACIFIC MOBILE STRUCTURES INC,20230245000 Winnie CVE Modular,2/16/2024,2/15/2034,"$742,190.00"
0000000000000000000003015,PACIFIC MOBILE STRUCTURES INC,20220219000 Hempstead Modular,6/6/2023,6/5/2033,"$748,041.00"
0000000000000000000004081,PACIFIC MOBILE STRUCTURES INC,20230402000 Penwell Modular,8/29/2024,8/28/2034,"$831,928.75"
0000000000000000000003221,PACIFIC MOBILE STRUCTURES INC,New Waverly Modular,7/25/2023,8/31/2033,"$1,195,452.00"
405-17-P009127,PALOMAR MODULAR BUILDINGS LLC,Modular Bldg Lease - HQ N1,7/23/2016,8/31/2026,"$364,956.80"
0000000000000000000002791,PALOMAR MODULAR BUILDINGS LLC,Florence Drone Modular,1/11/2023,8/31/2033,"$612,088.00"
0000000000000000000000461,PALOMAR MODULAR BUILDINGS LLC,Modular Bldg Lease-HQ N2,7/29/2019,8/31/2028,"$727,840.00"
0000000000000000000002673,PALOMAR MODULAR BUILDINGS LLC,Falfurrias Weigh Station Lease,8/31/2022,8/30/2027,"$764,000.00"
0000000000000000000005373,PALOMAR MODULAR BUILDINGS LLC,Modular Building Lease,3/1/2026,8/31/2030,"$2,087,598.00"
0000000000000000000004179,PARABON NANOLABS INC,DNA Analysis and Genetic Genea,10/25/2024,8/31/2027,"$116,667.00"
405-12-20534,PARKER COUNTY,Weatherford Bldg Lease 10647,4/1/2004,3/31/2031,"$129,600.00"
0000000000000000000004002,PARKHILL SMITH & COOPER INC,SG2-A/E Services-40523R0007034,6/26/2024,6/25/2029,"$1,500,000.00"
0000000000000000000004004,PARKHILL SMITH & COOPER INC,SG4-A/E Services-40523R0007034,6/26/2024,6/25/2029,"$1,500,000.00"
0000000000000000000004001,PARKHILL SMITH & COOPER INC,SG1-A/E Services-40523R0007034,6/26/2024,6/25/2029,"$4,500,000.00"
0000000000000000000000436,PDG ARCHITECTS,REG2 SG1 A/E Services,7/18/2019,8/31/2026,"$750,000.00"
0000000000000000000005269,"PEARSON VUE, A BUSINESS OF NCS PEARSON",MMPI-3 PSYCHOLOGICAL TESTING,10/28/2025,8/31/2030,"$225,000.00"
0000000000000000000004362,PEN-LINK LTD,Open-Source Intel Training,3/1/2025,2/28/2030,"$823,750.00"
0000000000000000000004336,PEN-LINK LTD,Penlink Subscription,2/18/2025,2/28/2030,"$5,299,177.00"
0000000000000000000004770,PFVT MOTORS LLC,Ford F-150 Trucks - 30,6/5/2025,6/4/2026,"$1,795,235.00"
0000000000000000000005038,PILATUS BUSINESS AIRCRAFT LTD,Pilatus PC-12 Pro Spectre,8/6/2025,8/31/2026,"$11,093,348.00"
0000000000000000000002138,PINNACLE PETROLEUM INC,Statewide Bulk Fuel Blank,1/14/2022,8/31/2026,"$4,500,000.00"
405-12-20542,PITCOCK INVESTMENT CORPORATION,Graham Building Lease 20045,12/1/2003,11/30/2027,"$317,459.33"
0000000000000000000005274,PITNEY BOWES INC,PB HQ Mailroom Equipment,10/30/2025,10/30/2030,"$986,453.40"
4/09/2026,0000000000000000000004306 POCKETALK INC,Pocketalk Voice Translators,12/11/2024,12/11/2027,"$130,000.00"
0000000000000000000005463,POLICE INDUSTRIAL TECHNOLOGY,THP Pit Bumper Kits,2/6/2026,8/31/2026,"$156,800.00"
0000000000000000000005278,PRECISION CAMERA INC,DD Nikon Z50 Cameras (HQ),10/30/2025,8/31/2026,"$135,060.30"
0000000000000000000005243,PRECISION DELTA CORP,10.14.25_Ammo_223 Trn 55gr Win,10/14/2025,8/31/2026,"$109,305.20"
0000000000000000000005556,PRECISION DELTA CORP,03.18.26_Ammo 223 Trn 55gr,3/18/2026,8/31/2026,"$190,096.00"
0000000000000000000005090,PRELUDE SYSTEMS INC,CRD Staff Aug Process Engineer,8/19/2025,8/31/2026,"$212,000.00"
0000000000000000000003801,PRESIDIO HOLDINGS INC,FY24 Palo Alto Renewal,4/10/2024,4/9/2027,"$307,880.79"
0000000000000000000002988,PRESIDIO HOLDINGS INC,DNA EA Licensing,5/5/2023,5/4/2028,"$2,726,976.60"
0000000000000000000004837,PRESIDIO NETWORKED SOLUTIONS GROUP LLC,DPS Mobile Command,6/16/2025,6/15/2026,"$116,610.61"
0000000000000000000003795,PRESIDIO NETWORKED SOLUTIONS GROUP LLC,F-5 Splunk VMware Support,9/1/2024,12/31/2026,"$132,176.13"
0000000000000000000005061,PRESIDIO NETWORKED SOLUTIONS GROUP LLC,A-Flex CC Licenses,8/19/2025,8/18/2026,"$146,801.04"
0000000000000000000005362,PRESIDIO NETWORKED SOLUTIONS GROUP LLC,SR 3487980 SA Alamo Routers,12/5/2025,12/5/2028,"$152,673.49"
0000000000000000000005488,PRESIDIO NETWORKED SOLUTIONS GROUP LLC,ISE Hybrid,2/24/2026,2/24/2029,"$193,494.21"
0000000000000000000005364,PRESIDIO NETWORKED SOLUTIONS GROUP LLC,SA Alamo Burns Building,12/5/2025,12/5/2028,"$213,048.56"
0000000000000000000004953,PRESIDIO NETWORKED SOLUTIONS GROUP LLC,Cisco Catalyst,7/15/2025,8/31/2030,"$286,091.10"
0000000000000000000005131,PRESIDIO NETWORKED SOLUTIONS GROUP LLC,EOL Refresh,8/26/2025,8/31/2026,"$299,759.28"
0000000000000000000003832,PRESIDIO NETWORKED SOLUTIONS GROUP LLC,DLD Equipment & Hardware Repla,4/24/2024,4/23/2027,"$467,841.36"
0000000000000000000003191,PRESIDIO NETWORKED SOLUTIONS GROUP LLC,Cisco SmartNet Total Care,7/1/2023,6/30/2028,"$2,010,844.85"
0000000000000000000004366,PRESIDIO NETWORKED SOLUTIONS GROUP LLC,ECS Cloud Ops Blanket Contract,2/1/2025,1/31/2030,"$2,500,000.00"
0000000000000000000005400,PRESIDIO NETWORKED SOLUTIONS GROUP LLC,UCS-X Replacement,12/1/2025,8/31/2026,"$2,570,921.47"
0000000000000000000004169,PRESIDIO NETWORKED SOLUTIONS GROUP LLC,Cisco SmartNet Total Care,7/1/2023,6/30/2028,"$7,443,419.40"
0000000000000000000003128,PRESTIGE ELEVATOR SERVICES,Elevator Maint & Rep,6/16/2023,8/31/2026,"$329,331.92"
0000000000000000000005234,PRICESENZ LLC,25R0025998-StaffAug-BA-2,10/10/2025,8/31/2026,"$196,420.00"
0000000000000000000004626,PRIDE GENERAL CONTRACTORS LLC,Pecos Building Renovation,5/19/2025,8/31/2026,"$1,512,823.70"
0000000000000000000005123,PRIME MASONRY LLC DBA PRIME CONSTRUCTION,Victoria Mold HVAC Replacement,8/25/2025,8/31/2026,"$313,000.00"
0000000000000000000005217,PRIME TURBINES LLC,Statewide Major Aircraft Repa,10/31/2025,8/31/2030,"$3,000,000.00"
0000000000000000000003583,PRIMUS ELECTRONICS CORPORATION,RADIO TOWER SUPPLIES,1/1/2024,12/31/2028,"$975,000.00"
0000000000000000000005058,PRO FLIGHT GEAR LLC,Flight Helmet Servicing,9/1/2025,8/31/2030,"$125,000.00"
0000000000000000000005185,PROFORCE LAW ENFORCEMENT,C25 FTU DDM4V7,9/17/2025,8/31/2026,"$276,130.80"
0000000000000000000005253,PROFORCE LAW ENFORCEMENT,D25 FTU DDM4V7,10/21/2025,8/31/2026,"$276,130.80"
0000000000000000000004378,PSI SERVICES LLC,Solicit LEPS Promo Test Contra,1/24/2025,1/23/2030,"$400,000.00"
0000000000000000000002777,QA ROOFING INC,HQ Roof Repairs & Maintenance,1/13/2023,8/31/2026,"$110,000.00"
0000000000000000000005436,QIAGEN LLC,LUBFY26016 Qiagen ez1 24plex,1/22/2026,8/31/2026,"$110,650.18"
0000000000000000000005540,QIAGEN LLC,HOUFY26 - 3 - Qiagen,3/10/2026,8/31/2026,"$130,145.40"
0000000000000000000005397,QIAGEN LLC,HOUFY26 - 2 - 24plx,12/17/2025,8/31/2026,"$131,695.96"
0000000000000000000005224,QIAGEN LLC,GAR Qiagen 9-10-25,10/6/2025,8/31/2026,"$199,829.77"
0000000000000000000005394,QIAGEN LLC,CLD_CO_Qiagen_Kits/Buffer,12/17/2025,8/31/2026,"$928,521.94"
0000000000000000000005562,QIAGEN LLC,CLD_CO_Qiagen,3/19/2026,8/31/2026,"$1,120,471.68"
0000000000000000000005355,QIAGEN LLC,QIAGEN Maintenance '25-'30,12/3/2025,12/2/2030,"$2,300,000.00"
405-16-P005220,QUALITY HILL LLC,Forth Worth Bldg Lease 10303,11/1/2015,4/30/2029,"$1,258,676.08"
0000000000000000000002315,QUALTRAX INC,Qualtrax SMS Annual Services,4/26/2022,4/30/2027,"$187,490.01"
4/09/2026,0000000000000000000002568 RADIANT RFID LLC,FY23 Radiant VAT Services,8/30/2022,8/31/2027,"$1,145,208.40"
0000000000000000000005250,RAMS AVIATION COMPANY INC,Statewide Aircraft Maintenance,10/20/2025,8/31/2030,"$500,000.00"
0000000000000000000005301,RANDALL COUNTY,ICC - Randall County Amarillo,12/16/2025,12/16/2035,"$313,000.00"
405-17-P014792,RATHMELL LAND & CATTLE CO LTD,TFC Zapata Bdg Lease 8127,5/11/2017,6/30/2032,"$467,617.00"
0000000000000000000005255,RAY RABER,THP Horses - Emergency Purchas,10/22/2025,8/31/2026,"$158,000.00"
0000000000000000000002675,RAYMONDVILLE INDEPENDENT SCHOOL DISTRICT,RaymondVille ISD ICC,8/26/2022,8/27/2026,"$480,000.00"
405-17-P015863,REGINA O'FARRILL GONZALEZ,Harlingen Building Lease 20586,8/10/2017,2/29/2028,"$1,292,062.00"
0000000000000000000005252,REGION 3 EDUCATION SERVICE CENTER,R3 Edu Svcs Center - Victoria,10/30/2025,10/29/2030,"$952,189.56"
0000000000000000000002388,REMI HOLDINGS LLC,Shimadzu Full Service Maint.,7/1/2022,6/30/2027,"$193,257.98"
0000000000000000000005024,RENDON INDUSTRY SOLUTIONS LLC,Weslaco Lawn Care,9/1/2025,8/31/2030,"$186,591.82"
0000000000000000000004720,RESCUEGEAR INC,Swiftwater Gear Equipment,5/21/2025,5/20/2026,"$360,800.00"
0000000000000000000004660,RETAIL MOTORCYCLE VENTURES INC,BMW Motorcycle x 22,5/20/2025,8/31/2026,"$985,110.94"
0000000000000000000003238,"Reverent Technologies, Inc.",LUMINEX SUPPORT & MAINTENANCE,8/1/2023,10/31/2026,"$124,170.00"
0000000000000000000004194,RGEN INC,DNA Analysis and Genetic Genea,10/25/2024,8/31/2027,"$116,667.00"
0000000000000000000003704,RICKY L NORTHCUTT,TFC Lse.20758-Taylor-New Lease,2/1/2024,1/31/2029,"$936,340.96"
0000000000000000000005257,RIG SAFE SOLUTIONS INC,Region 4 Generator Maintenance,10/30/2025,8/31/2030,"$375,000.00"
0000000000000000000005522,RING POWER CORP,AFR_Rook (HQ),3/3/2026,3/1/2027,"$504,100.00"
0000000000000000000002104,RIO GRANDE VALLEY COMMUNICATIONS GROUP,Rio Grande Valley Radio Comms,11/1/2021,10/31/2026,"$1,500,000.00"
405-16-P006793,RIO VISTA DEVELOPMENT CO,20534-Rio Grande City,3/1/2016,2/28/2031,"$648,000.00"
405-16-P005672,RKJ ENTERPRISES INC,Bldg Lease TFC Paris 20451,6/1/2015,11/30/2035,"$4,551,965.84"
0000000000000000000005619,ROCKFORD BUSINESS INTERIORS,2A01 NEW OFFICE INDIANA,4/8/2026,8/31/2026,"$136,980.54"
0000000000000000000004945,ROCKFORD BUSINESS INTERIORS,IT - New Cubicle Furniture,7/17/2025,7/16/2026,"$219,576.92"
0000000000000000000005233,ROSE INTERNATIONAL INC,25R0025998-StaffAug-BA-1,10/10/2025,8/31/2026,"$196,420.00"
0000000000000000000004145,RSG AVIATION INC,Heavy Aviation Maintenance,9/1/2024,8/31/2029,"$4,000,000.00"
0000000000000000000005553,RUGGED SOLUTIONS AMERICA LLC,Havis,3/16/2026,8/31/2029,"$126,000.00"
0000000000000000000005304,RUGGED SOLUTIONS AMERICA LLC,FY26 MCT 600 Build,12/12/2025,8/31/2026,"$3,097,422.00"
0000000000000000000004274,RULICA/ANGELETON LLC,Establish Lse Agrmt.w/Rulica A,11/15/2024,11/14/2029,"$360,000.00"
0000000000000000000003603,SAFRAN HELICOPTER ENGINES USA INC,Safran Engines,12/13/2023,12/31/2028,"$6,250,000.00"
0000000000000000000004883,SALTY CLOUD PBC,GRC - Risk & Vuln Tool,6/25/2025,8/4/2027,"$112,500.00"
0000000000000000000004987,SAM HOUSTON STATE UNIVERSTIY,SHSU TRAINING - FY26-FY27,9/1/2025,8/31/2027,"$1,800,000.00"
0000000000000000000004742,SAM PACKS FIVE STAR FORD,Ford F-450 x 2 Fed,5/28/2025,8/31/2026,"$142,201.12"
0000000000000000000005164,SAM PACKS FIVE STAR FORD,Ford F-450 x 3,8/29/2025,8/31/2026,"$209,065.68"
0000000000000000000004698,SAM PACKS FIVE STAR FORD,Ford F-350 x 6,5/16/2025,8/31/2026,"$384,681.36"
0000000000000000000004718,SAM PACKS FIVE STAR FORD,Ford F-350 x 8,5/21/2025,8/31/2026,"$441,924.48"
0000000000000000000003659,SAMSARA NETWORKS INC,Telematic Devices,1/25/2024,2/2/2029,"$7,773,374.00"
0000000000000000000004783,SAT RADIO COMMUNICATIONS LTD,DSR 2X Radar,6/26/2025,8/31/2030,"$3,230,000.00"
0000000000000000000004956,SCOGGIN DICKEY CHEVROLET BUICK INC,Lubbock OEM Parts Contract,10/22/2025,10/21/2030,"$200,000.00"
0000000000000000000004436,SCOOP CYBERSECURITY LLC,SpyCloud Cyber Security,3/1/2025,9/9/2026,"$428,070.00"
0000000000000000000005514,SERVE & PROTECT FINANCIAL TEXAS LLC,Financial Wellness Training,3/16/2026,3/15/2027,"$162,500.00"
0000000000000000000005191,SHI GOVERNMENT SOLUTIONS INC,FY26 - Tenable.sc Solutions,10/10/2025,10/9/2026,"$132,029.40"
0000000000000000000005550,SHI GOVERNMENT SOLUTIONS INC,FY26 TPRM BlackKite,3/13/2026,8/31/2027,"$171,170.00"
4/09/2026,0000000000000000000004927 SHI GOVERNMENT SOLUTIONS INC,atlassian solicitation FY25,7/9/2025,8/31/2026,"$204,786.45"
0000000000000000000004924,SHI GOVERNMENT SOLUTIONS INC,Email Security Platform,7/8/2025,1/9/2027,"$409,796.00"
0000000000000000000004298,SHI GOVERNMENT SOLUTIONS INC,USLege.ai Licensing Blanket,12/2/2024,11/30/2026,"$600,000.00"
0000000000000000000003002,SHI GOVERNMENT SOLUTIONS INC,PIR Solution,6/14/2023,6/13/2028,"$695,618.75"
0000000000000000000005393,SHI GOVERNMENT SOLUTIONS INC,FY26 Microsoft EA SOL,1/1/2026,12/31/2028,"$1,529,766.66"
0000000000000000000005317,SHIMADZU SCIENTIFIC INST INC,CLD - Headspace GC,11/14/2025,11/14/2026,"$349,510.35"
0000000000000000000003071,"SIEMENS INDUSTRY INC., BUILDING TECHNOLO",FY23 HQ Statewide BAS Siemens,8/21/2023,8/31/2028,"$1,355,248.00"
0000000000000000000003140,SIGMA SURVEILLANCE,statewide security contract ag,6/20/2023,6/30/2028,"$7,836,000.00"
0000000000000000000004416,SIGMA SURVEILLANCE,Statewide Security Blanket,3/5/2025,3/5/2030,"$9,900,000.00"
0000000000000000000002078,SIGNATURE FLIGHT SUPPORT,Laredo Hangar Lease Agreement,9/1/2021,8/31/2026,"$240,681.00"
0000000000000000000004180,"SIGNATURE SCIENCE, LLC",DNA ANALYSIS & Genetic Genealo,10/25/2024,8/31/2027,"$616,667.00"
0000000000000000000001424,"SIGNATURE SCIENCE, LLC",DNA Outsourcing,5/15/2021,5/14/2026,"$4,000,000.00"
405-12-20557,SILLER EXCEL INC,Building Lease - Laredo 11262,12/1/2009,11/30/2029,"$840,787.00"
0000000000000000000002570,SIRIUS COMPUTER SOLUTIONS INC,IBM Mainframe HW Maintenance,8/30/2022,8/31/2026,"$157,804.24"
0000000000000000000003641,SIRIUS COMPUTER SOLUTIONS INC,IBM Maintenance 46 Mth,1/1/2024,10/31/2027,"$230,376.28"
0000000000000000000004398,SISTEMA TECHNOLOGIES INC,Crime Laboratory Portal,4/3/2025,8/31/2030,"$4,550,487.14"
0000000000000000000004543,SKYINTELLI INC,UAV Technology,4/29/2025,4/30/2029,"$156,000.00"
0000000000000000000001853,SMARTMAIL OF AUSTIN INC,SOR Sex Offender Registration,9/1/2021,8/31/2026,"$900,000.00"
0000000000000000000005374,SMARTMAIL OF AUSTIN INC,SOR Postcard Notifications,9/1/2026,8/31/2031,"$900,000.00"
0000000000000000000002764,SOFTWARE ONE INC,Microsoft Enterprise 3-Year,1/1/2023,12/31/2026,"$1,989,188.90"
0000000000000000000002248,SOFTWARE ONE INC,Azure Blanket,2/15/2022,5/14/2026,"$2,000,000.00"
0000000000000000000001790,SOS INTERNATIONAL LLC,Linguist Service,9/1/2021,8/31/2026,"$900,000.00"
0000000000000000000004682,SOUTHERN LABORATORY AND INDUSTRIAL INC,Hydrogen Generators,5/13/2025,5/13/2026,"$101,387.00"
0000000000000000000005452,SOUTHERN LABORATORY AND INDUSTRIAL INC,CLD - H2 Generators,1/30/2026,8/31/2026,"$129,114.00"
0000000000000000000004522,SOUTHWEST CHRYSLER DODGE JEEP RAM LLC,RAM 2500 Trucks,3/28/2025,8/31/2026,"$1,594,943.00"
0000000000000000000001871,SPECTRUM,Blanket for Spectrum Field,8/10/2021,8/31/2099,"$400,000.00"
0000000000000000000001870,SPECTRUM,Spectrum Blanket HQ,8/10/2021,8/31/2099,"$850,000.00"
0000000000000000000004244,SPRUCE TECHNOLOGY INC,TX Conviction Reporting (TXCR),11/22/2024,8/31/2029,"$3,610,104.21"
0000000000000000000005615,SR3 LLC,Aircraft Training - SR3,4/6/2026,8/31/2030,"$875,000.00"
0000000000000000000005266,STACS DNA INC DBA INVITA HEALTHCARE TECH,STACS-DB Enterprise,5/1/2026,4/30/2030,"$760,544.54"
0000000000000000000002305,STACS DNA INC DBA INVITA HEALTHCARE TECH,STACS SMS Annual Services,4/18/2022,4/30/2026,"$1,045,019.82"
0000000000000000000002683,STACS DNA INC DBA INVITA HEALTHCARE TECH,SAE Tracking System,11/30/2022,8/31/2027,"$3,446,698.13"
0000000000000000000004910,STARCHASE LLC,Total Solutions Pkgs - 73,7/2/2025,7/1/2030,"$680,406.75"
0000000000000000000005143,STATE OFFICE OF RISK MANAGEMENT,FY 26-27 SORM RISK MANAGEMENT,9/1/2025,8/31/2027,"$8,000,000.00"
0000000000000000000004393,"STEEL DIGITAL STUDIOS, INC.",DPS Marketing Services,3/1/2025,2/28/2029,"$9,300,000.00"
0000000000000000000002085,STELLAR SERVICES INC,Enterprise Content Management,10/1/2021,9/30/2026,"$24,995,000.00"
0000000000000000000002299,STONEHENGE PROPERTIES LTD-REVCORD,Recorder System Refresh,4/25/2022,4/25/2027,"$900,957.77"
0000000000000000000005119,"SUMMUS INDUSTRIES, INC.",Cerberus Advanced Licenses,10/1/2025,9/30/2027,"$183,300.00"
0000000000000000000003402,"SUMMUS INDUSTRIES, INC.",ITD SOL Mainview Suite,9/1/2023,8/31/2026,"$468,986.14"
0000000000000000000002223,SUNSHINE EASTGATE PLAZA LLC,Garland Building Lease 20291,1/12/2022,8/31/2027,"$9,294,473.00"
405-18-P013388,SVEA INDUSTRIAL VI LLC,TFC Lease-Jacksonville 20551,11/1/2017,10/31/2027,"$3,160,073.00"
4/09/2026,0000000000000000000005140 SWIPE RESOURCES LLC,FY25 Tower Replacement Gens,8/27/2025,8/31/2026,"$166,320.00"
0000000000000000000005015,T&C MANAGEMENT LLC,Shelby County Lease,11/1/2025,10/31/2035,"$1,824,000.00"
0000000000000000000002772,TARRANT COUNTY,Tarranty County Firearm Analys,1/1/2024,12/31/2028,"$250,000.00"
0000000000000000000005286,TECAN US INC,CLD - CODIS Tecan Service,11/3/2025,10/30/2030,"$202,300.00"
0000000000000000000003432,TECAN US INC,Tecan Robotic Service,9/1/2023,8/31/2027,"$452,074.23"
0000000000000000000005173,TEJAS ADVANCED SOLUTIONS,AME Servie & Support,10/9/2025,10/8/2030,"$3,000,000.00"
0000000000000000000005455,TEMPLE FEED & SUPPLY INC,THP SOLICIT NEW Equine Hay,2/1/2026,1/31/2027,"$157,000.00"
0000000000000000000005091,"TEQSYS, INC.",FY26 SOLICT Veritas NetBackup,9/1/2025,8/31/2026,"$429,140.60"
0000000000000000000004003,TERRACON CONSULTANTS INC,SG3-A/E Services-40523R0007034,6/26/2024,6/25/2029,"$500,000.00"
0000000000000000000005060,TESCAN USA INC,TESCAN maintenance services,9/1/2025,8/31/2029,"$155,424.00"
0000000000000000000002266,TEX AIR FILTERS,HQ-HVAC FILTER REPLACEMENT SER,2/23/2022,8/31/2026,"$204,989.84"
0000000000000000000005115,TEX AIR FILTERS,HQ-HVAC Filter Replacement,9/1/2025,8/31/2030,"$282,786.90"
0000000000000000000001730,TEXAS A&M ENGINEERING EXTENSION SERVICE,RSD - TEEX - IAC,7/7/2021,8/31/2026,"$123,384.00"
0000000000000000000004420,TEXAS ALCOHOL & DRUG TESTING SERVICE INC,FY25 Resolicit cont 2057,3/1/2025,2/28/2027,"$150,000.00"
0000000000000000000005288,TEXAS DEPARTMENT OF PUBLIC SAFETY,COSA_TAG_ICC,9/1/2025,8/31/2099,"$210,000.00"
0000000000000000000005289,TEXAS DEPARTMENT OF PUBLIC SAFETY,IAC_CC Reg,11/4/2025,8/31/2027,"$400,000.00"
0000000000000000000005163,TEXAS DEPARTMENT OF PUBLIC SAFETY,IAC_TDLR_FY26-27,9/1/2025,8/31/2027,"$800,000.00"
0000000000000000000004884,TEXAS DEPARTMENT OF TRANSPORTATION,FY26 DL Envelopes,9/1/2025,8/31/2026,"$174,083.60"
0000000000000000000005303,TEXAS DEPARTMENT OF TRANSPORTATION,TXDOT/DPS Aircraft Pooling IAC,11/7/2025,8/31/2027,"$4,000,000.00"
0000000000000000000005230,TEXAS DEPARTMENT OF TRANSPORTATION,TxDOT Inter Contract,10/7/2025,8/31/2026,"$4,789,577.31"
0000000000000000000004382,TEXAS DEPARTMENT OF TRANSPORTATION,Peirce Site Agreement,3/5/2025,8/31/2028,"$5,349,045.28"
0000000000000000000000839,TEXAS DEPT OF INFORMATION RESOURCES,IAC DIR Shared Services Master,8/20/2018,8/31/2099,"$1,716,189.14"
0000000000000000000002177,TEXAS DEPT OF INFORMATION RESOURCES,Satellite DIR-TELE-CTSA-007,12/27/2021,12/27/2026,"$7,200,000.00"
405-15-P003755,TEXAS DEPT OF INFORMATION RESOURCES,DIR IAC Microsoft Office,7/20/2015,8/31/2026,"$50,722,651.76"
0000000000000000000002904,TEXAS FACILITIES COMMISSION,1X 23-023-000TFC EL P TTC,4/12/2023,8/31/2026,"$184,842.00"
0000000000000000000004394,TEXAS FACILITIES COMMISSION,TFC 25-035-000 Capital Complex,3/6/2025,5/1/2027,"$347,388.00"
0000000000000000000004545,TEXAS FACILITIES COMMISSION,Laredo Mechanical System Servi,6/2/2025,8/31/2029,"$900,000.00"
0000000000000000000001995,TEXAS FACILITIES COMMISSION,TFC 21-075 PM&ConstructionSvs,8/26/2021,8/31/2029,"$3,292,638.47"
0000000000000000000002511,TEXAS FACILITIES COMMISSION,IAC-TFC K-9 Kennel Facility,8/31/2022,8/31/2028,"$3,730,000.00"
0000000000000000000003000,TEXAS FACILITIES COMMISSION,2022ST05000 State1X Generator,5/3/2023,12/31/2026,"$4,054,537.00"
0000000000000000000003206,TEXAS FACILITIES COMMISSION,TFC Contract 22-176-000,7/27/2023,12/31/2026,"$4,054,537.00"
405-18-P024477,TEXAS FACILITIES COMMISSION,DM 84 TFC 18-150-000,8/21/2018,8/31/2027,"$7,254,070.86"
0000000000000000000003204,TEXAS FACILITIES COMMISSION,TFC Contract 23-050-000,7/27/2023,8/31/2028,"$8,700,000.00"
0000000000000000000005512,TEXAS FACILITIES COMMISSION,ICC TFC Brenham DL Office,3/26/2026,8/31/2030,"$8,750,000.00"
0000000000000000000000576,TEXAS FACILITIES COMMISSION,20190202000 Garland CL TFC,8/28/2019,8/31/2029,"$14,370,000.00"
0000000000000000000001993,TEXAS FACILITIES COMMISSION,TFC 21-067 Multi Renovations,8/26/2021,8/31/2027,"$14,786,481.88"
0000000000000000000001998,TEXAS FACILITIES COMMISSION,TFC 21-078 PM&ConstSvcs,8/26/2021,8/31/2028,"$16,661,841.22"
0000000000000000000003590,TEXAS FACILITIES COMMISSION,WILCO TRAIN DESIGN CONSTRUCTIO,12/11/2023,8/31/2028,"$388,058,962.00"
0000000000000000000004780,TEXAS FILTER SERVICE INC,Lubbock HVAC Filter Contract,9/1/2025,8/31/2030,"$102,632.68"
0000000000000000000003035,TEXAS FILTER SERVICE INC,Region 1 HVAC Filters,9/1/2023,8/31/2028,"$226,651.00"
405-16-P003515,TEXAS GENERAL LAND OFFICE,Gas Consumption GLO,9/1/2009,8/31/2027,"$3,492,000.00"
4/09/2026,0000000000000000000005097 TEXAS MILITARY DEPARTMENT,FY26-27 Drawbridge Contract,9/1/2025,8/31/2027,"$11,422,000.00"
0000000000000000000004028,TEXAS MOUNTAIN CATTLE COMPANY LLC,Chinati Peak Land Lease,9/1/2024,8/31/2029,"$137,500.00"
405-18-P016126,TEXAS PARKS & WILDLIFE DEPARTMENT,Road Maintenance Elephant Mtn.,8/24/2017,8/31/2027,"$200,000.00"
0000000000000000000004647,TEXAS STATE LIBRARY,FY26-28 - TSLAC Scanning,9/1/2025,8/31/2030,"$200,000.00"
0000000000000000000000382,THE ARCHANA ACHARYA 2015 TRUST,TFC Lease-Gatesville 20654,5/29/2019,6/30/2029,"$459,614.40"
0000000000000000000004175,THE BODE TECHNOLOGY GROUP INC,Forensic DNA Testing,10/25/2024,8/31/2027,"$716,667.00"
0000000000000000000004594,THE BODE TECHNOLOGY GROUP INC,CLD CO Bode Kits,4/22/2025,8/31/2026,"$1,632,000.00"
0000000000000000000005227,THE PEAVEY CORPORATION,Vapor Lock Bags  - Blanket,10/17/2025,8/31/2030,"$1,025,000.00"
0000000000000000000004429,THE SANBORN MAP COMPANY INC,GIS Contract,10/28/2025,10/27/2030,"$707,069.36"
0000000000000000000004961,THOMAS GALLAWAY CORPORATION,DATA DOMAIN MAINTENANCE,9/1/2025,8/31/2026,"$601,431.06"
0000000000000000000003365,THOMSON REUTERS,"810498,18600,618966,5225991",9/1/2023,8/31/2028,"$196,947.72"
0000000000000000000001594,THREE RIVERS ISD,Three Rivers ISD. ICC New Cont,12/10/2020,12/9/2030,"$318,617.00"
0000000000000000000004124,THUNDERCAT TECHNOLOGY LLC,Shadow Dragon Bundle,9/1/2024,8/31/2029,"$7,309,258.59"
0000000000000000000004662,THYSSENKRUPP ELEVATOR,R2 Elevator Maintenance,9/1/2025,8/31/2030,"$103,139.40"
000000000000000000001871A TIME WARNER CABLE TEXAS LLC,Blanket for Spectrum Field,,8/10/2021,8/31/2099,"$516,034.67"
000000000000000000001870A TIME WARNER CABLE TEXAS LLC,Spectrum Blanket HQ,,8/10/2021,8/31/2099,"$850,000.00"
0000000000000000000005153,TK TACTICAL FIREARMS,AFR_Ballistic Vests (All Co),8/28/2025,8/31/2026,"$257,400.00"
00000000000000000002311A,TOILETS TO GO LLC,Livingston Portable Restroom,11/4/2024,4/30/2026,"$153,900.00"
405-13-31801,TOTAL ENERGY INVESTMENTS LLC,Bldg Lease - Pearland 20038,7/1/2004,7/31/2027,"$1,214,695.00"
0000000000000000000001875,TRAJEN FLIGHT SUPPORT,DPS Hangar Lease - El Paso,10/1/2021,8/31/2026,"$248,857.24"
0000000000000000000005254,TRANE US INC,Corpus Christi Chillers,10/21/2025,8/31/2026,"$102,150.00"
0000000000000000000002460,TRAPWIRE INC,TxSARNet Contract,9/1/2022,8/31/2026,"$6,420,061.08"
0000000000000000000003508,TRAVIS COX PLUMBING COMPANY LLC,HQ PLUMBING BLANKET CONTRACT,11/6/2023,8/31/2027,"$900,000.00"
0000000000000000000003289,TRIBALCO LLC,DO NOT USE THIS CONTRACT,8/15/2023,9/30/2034,"$6,378,546.15"
0000000000000000000005472,TRIBALCO LLC,Motorola Video Blanket,3/6/2026,3/10/2031,"$35,000,000.00"
0000000000000000000005353,"TRIMBUILT CONSTRUCTION, INC",Building U 2nd FL CLD Reno,12/4/2025,8/31/2026,"$903,730.00"
0000000000000000000004596,TRM LABS INC,HQ TRM FORENSICS,4/21/2025,4/21/2027,"$100,815.00"
0000000000000000000000295,TY HARRISS,Port Lavaca Lease,2/27/2019,2/28/2034,"$1,278,000.00"
0000000000000000000005369,UNION DEVELOPMENT CORP,Together We Learn,12/11/2025,8/31/2027,"$2,000,000.00"
0000000000000000000005576,UNITED DATA TECHNOLOGIES INC,SR# 3528586 - DLD 1121 Refresh,3/27/2026,3/27/2029,"$163,556.36"
405-11-06599,UNITED STATES DEPARTMENT OF HOMELAND SEC,SAVE - DHS,5/24/2011,8/31/2026,"$50,000,000.00"
0000000000000000000005208,UNITED TACTICAL SYSTEMS LLC,GSA PepperBall Blanket,10/6/2025,8/31/2030,"$5,000,000.00"
0000000000000000000004703,UNIVERSITY OF TEXAS AT AUSTIN,ICC for Conference Services,6/26/2025,6/25/2029,"$800,000.00"
0000000000000000000004190,UNT HEALTH SCIENCE CENTER,UNT HSC Missing Persons Databa,9/1/2025,8/31/2027,"$1,650,000.00"
405-12-20552,UTOPIA VILLAGES LP,Building Lease - Austin 20256,4/1/2011,3/31/2028,"$2,722,872.95"
0000000000000000000005235,V GROUP INC.,25R0025998-StaffAug-BA-3,10/10/2025,8/31/2026,"$196,420.00"
405-17-P009134,VALUEBANK,Aransas Pass Bdg Lease 20461,1/23/2015,6/30/2030,"$748,229.00"
0000000000000000000001921,VANTAGE VENTURES LTD,TFC Lease 20685 Eagle Pass,4/1/2022,3/31/2032,"$8,523,318.11"
405-17-P014800,VANTAGE VENTURES LTD,Edinburg Building Lease 20563,6/28/2017,10/31/2027,"$15,683,364.30"
0000000000000000000005489,VCLOUD TECH INC,GrayKey License - Premier Bund,2/24/2026,9/28/2027,"$161,904.20"
0000000000000000000002739,VERICLEAN SERVICES CORPORATION,Midland DL Janitorial,12/1/2022,8/31/2026,"$269,775.00"
4/09/2026,0000000000000000000002454 VERIZON WIRELESS,Verizon Mobile Service/Equipme,9/1/2022,8/31/2027,"$57,143,736.00"
0000000000000000000001837,VERSATERM PUBLIC SAFETY INC,CAD/RMS Solution,8/31/2021,8/30/2026,"$18,413,789.00"
0000000000000000000002323,VERSATERM PUBLIC SAFETY US INC,JusticeTrax SMS Annuals Svcs,5/1/2022,8/31/2026,"$1,343,461.67"
0000000000000000000004637,VERTOSOFT LLC,Tricentis Professional Service,5/1/2025,4/30/2026,"$290,479.65"
0000000000000000000005499,VISIONARY INTEGRATION PROFESSIONALS LLC,DPS Travel Automation FY26-29,3/21/2026,3/20/2029,"$331,501.80"
0000000000000000000004704,VOLUBLE SYSTEMS LLC,Java/VB Software Developer,5/21/2025,8/31/2026,"$379,176.52"
IOD202205241224,WALKER COUNTY TEXAS,Huntsville Walker County ICC,7/13/2022,7/12/2032,"$120,000.00"
0000000000000000000004215,WASTE CONNECTIONS LONE STAR INC,Austin HQ Waste Disposal,11/15/2024,11/15/2029,"$395,449.52"
0000000000000000000003773,WAUKESHA-PEARCE INDUSTRIES LLC,HQ Generators,4/17/2024,4/30/2029,"$800,000.00"
0000000000000000000002383,WCD ENTERPRISES LLC,Lubbock Lawn Services,6/13/2022,8/31/2026,"$157,470.00"
0000000000000000000005518,WESCAM INC,MX-Series Maint. and Warr.,3/25/2026,3/26/2031,"$4,000,000.00"
0000000000000000000002746,WILBUR L. ANDERSON INC.  WESTERN TOWERS,Communications Tower Maintenan,12/13/2022,12/12/2026,"$637,540.64"
0000000000000000000004224,WILBUR L. ANDERSON INC.  WESTERN TOWERS,Statewide Tower Replacement,12/17/2024,8/31/2029,"$17,500,000.00"
0000000000000000000005005,WORKQUEST,FY26-30 Laredo BSIF Lawn,9/1/2025,8/31/2030,"$100,805.22"
0000000000000000000002564,WORKQUEST,R2 Spring DLD Janitorial,9/1/2022,8/31/2026,"$102,016.92"
0000000000000000000005259,WORKQUEST,10.23.25_Strion Rech Flashligh,10/24/2025,8/31/2026,"$102,660.00"
0000000000000000000004861,WORKQUEST,SEGUIN AO JANITORIAL,9/1/2025,8/31/2030,"$110,271.48"
0000000000000000000003376,WORKQUEST,Janitorial Services - Paris,9/1/2023,8/31/2028,"$111,504.00"
0000000000000000000004292,WORKQUEST,Temple DL Janitorial,1/1/2025,8/31/2028,"$112,070.64"
0000000000000000000004140,WORKQUEST,Reg3 Hebbronville Janitorial,9/1/2024,8/31/2029,"$114,080.64"
0000000000000000000004005,WORKQUEST,R6 Austin Lawn,9/1/2024,8/31/2029,"$114,459.26"
0000000000000000000004466,WORKQUEST,FY26 SOLICT La Joya Janitorial,9/1/2025,8/31/2030,"$116,148.00"
0000000000000000000004090,WORKQUEST,New Braunfels Janitorial,9/1/2024,8/31/2026,"$118,185.32"
0000000000000000000002484,WORKQUEST,Grand Prairie Jan Svcs,8/9/2022,8/31/2026,"$125,056.32"
0000000000000000000003219,WORKQUEST,Janitorial Laredo CommCollege,9/1/2023,8/31/2028,"$126,173.40"
0000000000000000000004689,WORKQUEST,FY26-30 Harlingen Janitorial,9/1/2025,8/31/2030,"$127,687.83"
0000000000000000000003288,WORKQUEST,Rosenburg jan,8/25/2023,8/31/2028,"$138,990.24"
0000000000000000000005377,WORKQUEST,Taylor Janitorial Services,12/10/2025,8/31/2030,"$158,587.44"
0000000000000000000004058,WORKQUEST,Eagle Pass Janit 24-29,9/1/2024,8/31/2029,"$183,329.28"
0000000000000000000003310,WORKQUEST,FY24 RioGrande AO Jan SOLICT,9/1/2023,8/31/2028,"$200,570.16"
0000000000000000000004711,WORKQUEST,R3 Laredo BSIF Janitorial,9/1/2025,8/31/2030,"$203,260.60"
0000000000000000000002597,WORKQUEST,R2 Regional HQ Lawn,9/7/2022,8/31/2026,"$214,510.00"
0000000000000000000004661,WORKQUEST,Angleton DL JanSvcs FY26-FY30,9/1/2025,8/31/2030,"$215,788.80"
0000000000000000000003999,WORKQUEST,Columbus Janitorial 2024-2029,9/1/2024,8/31/2029,"$216,082.08"
0000000000000000000002556,WORKQUEST,Austin NW Janitorial,9/1/2022,8/31/2026,"$220,433.70"
0000000000000000000003440,WORKQUEST,R6 Austin N Janitorial Service,8/31/2023,8/31/2028,"$237,739.50"
0000000000000000000001586,WORKQUEST,Denton Janitorial (New DL),7/19/2021,5/31/2027,"$256,200.00"
0000000000000000000003821,WORKQUEST,New FY24 Plano DL Janitorial,4/16/2024,8/31/2028,"$270,674.84"
0000000000000000000002457,WORKQUEST,Corpus Christi Janitorial,9/1/2022,8/31/2026,"$277,984.00"
0000000000000000000002442,WORKQUEST,Amarillo Janitorial,7/22/2022,8/31/2026,"$289,886.64"
0000000000000000000003305,WORKQUEST,SVA Freight and Shipping,8/11/2023,8/31/2026,"$300,000.00"
4/09/2026,0000000000000000000003416 WORKQUEST,FY24 Gessner Janitorial (DL),9/1/2023,8/31/2028,"$315,456.00"
0000000000000000000003274,WORKQUEST,HOUSTON MEGA CENTER JANITORIAL,8/7/2023,8/31/2028,"$358,200.00"
0000000000000000000004489,WORKQUEST,Houston SE MC Janitorial,9/1/2025,8/31/2030,"$359,274.48"
0000000000000000000004527,WORKQUEST,FY26SOLICT Ft Worth Mega Janit,9/1/2025,8/31/2030,"$370,147.92"
0000000000000000000004914,WORKQUEST,Georgetown Janitorial Services,9/1/2025,8/31/2030,"$374,600.28"
0000000000000000000005001,WORKQUEST,FY26-30 Leon Valley Janitorial,9/1/2025,8/31/2030,"$413,823.96"
0000000000000000000002585,WORKQUEST,Carrolton Janitorial Services,8/31/2022,8/31/2026,"$433,079.00"
0000000000000000000004825,WORKQUEST,Edinburg Janitorial Services,9/1/2025,8/31/2030,"$448,313.38"
0000000000000000000002662,WORKQUEST,Pflugerville DL Janitorial,10/18/2022,8/31/2026,"$467,101.53"
0000000000000000000001587,WORKQUEST,STATEWIDE TEMPORARY JANITORIAL,7/7/2021,8/31/2031,"$481,436.72"
0000000000000000000004657,WORKQUEST,Garland Mega Janitorial Servic,5/5/2025,8/31/2029,"$509,594.32"
0000000000000000000004581,WORKQUEST,FY26 R3 SOLICT Weslaco HQ Jan,4/16/2025,8/31/2030,"$535,830.38"
0000000000000000000004077,WORKQUEST,DLD SOLIT Staff Aug Reg 6,9/1/2024,11/30/2026,"$5,616,610.44"
0000000000000000000003146,WORKQUEST,CRD Temp Staffing -962-S3,7/10/2023,11/30/2026,"$6,000,000.00"
0000000000000000000002995,WORKQUEST,DLD-Temp Staff Aug PP,5/2/2023,11/30/2026,"$6,257,087.69"
0000000000000000000003647,WORLDWIDE ENT INC DBA JAMES ENTERPRISE,Odessa AO Janitorial,1/12/2024,8/31/2028,"$120,000.00"
000000000000000000004688A WYNNDALE LLC,Office Lease Garland DL Center,,6/1/2025,8/31/2034,"$17,555,554.80"
0000000000000000000003410,XEROX CORPORATION,Xerox Ididese,8/29/2023,8/31/2028,"$488,692.20"
0000000000000000000005337,XEROX CORPORATION,Xerox Iridesse Press Lease,12/1/2025,8/31/2030,"$530,418.91"
0000000000000000000002573,XEROX CORPORATION,Xerox Nuvera 288,9/1/2022,8/31/2027,"$802,890.60"
0000000000000000000002877,XEROX CORPORATION,Nuvera Production Printers,3/10/2023,4/10/2028,"$1,141,381.20"
0000000000000000000002242,XEROX CORPORATION,HQ/Regions DM Solution,7/1/2022,8/31/2027,"$10,000,000.00"
0000000000000000000004630,Z BAR SUPPLY COMPANY LLC,HQ - Steiner Rifle Sight,4/28/2025,4/27/2026,"$331,500.00"
